Customer Id,Claim
H14663,0
H2037,0
H3802,0
H3834,0
H5053,0
H4977,0
H7390,0
H14488,0
H19355,0
H18601,0
H18177,0
H356,0
H15676,0
H19442,0
H14635,0
H13053,1
H14330,0
H14331,0
H19461,0
H19462,0
H17764,0
H16563,0
H2103,0
H4421,0
H4438,0
H15578,0
H15579,0
H7015,0
H16003,0
H18009,0
H19316,0
H12704,0
H16016,0
H13026,0
H16387,1
H13678,0
H3587,0
H14189,0
H14499,0
H14500,0
H4286,0
H4287,0
H15998,0
H3780,0
H16404,0
H15609,0
H15610,0
H17251,0
H17252,0
H13147,0
H13148,0
H3595,0
H3596,0
H3649,0
H3695,0
H3696,0
H3792,0
H3850,0
H4018,0
H4101,0
H4651,0
H3481,0
H6729,0
H17837,0
H4081,0
H12871,0
H12872,0
H18579,0
H2417,0
H2586,0
H2695,1
H5910,0
H6242,0
H3500,0
H3579,0
H6838,0
H13522,0
H13523,0
H13524,0
H13525,0
H5464,0
H5486,0
H5487,0
H6145,0
H6146,1
H7181,0
H15714,0
H18066,0
H14149,0
H12996,0
H2418,0
H2507,0
H2593,0
H2638,0
H2639,0
H2640,0
H2641,0
H3254,0
H3588,0
H3728,0
H5256,0
H15558,0
H18719,1
H19593,0
H19784,0
H19813,0
H3038,0
H3509,0
H4447,0
H4555,0
H5180,1
H5512,0
H6126,0
H6575,0
H6634,0
H6164,0
H6165,0
H1503,1
H18935,0
H19802,0
H13368,0
H13369,0
H13370,0
H13715,0
H14484,1
H14485,1
H14550,0
H14551,0
H14552,0
H15515,0
H15630,0
H15772,0
H1584,0
H15935,0
H16002,0
H1622,0
H1624,0
H1625,0
H16624,1
H16715,0
H16977,1
H17859,0
H18015,1
H18016,1
H19140,1
H19141,1
H19368,1
H19788,0
H19789,0
H5129,0
H5348,1
H6163,0
H7159,0
H7183,0
H7184,0
H7279,0
H16150,0
H17519,0
H17520,0
H6536,0
H13427,0
H14436,0
H16254,0
H16255,0
H4560,0
H12619,0
H12638,1
H12928,0
H15123,0
H16926,0
H17036,1
H17184,0
H17876,0
H19966,0
H200,0
H2198,1
H2459,0
H385,0
H391,0
H392,0
H5724,1
H725,0
H14086,0
H14735,0
H16502,0
H17791,0
H18545,1
H19770,0
H6135,0
H6607,1
H6954,1
H13667,0
H1374,0
H14287,0
H15347,1
H15348,1
H18765,0
H18766,1
H18767,1
H4087,0
H4475,1
H5184,0
H5185,0
H15504,0
H15505,0
H16260,1
H16261,1
H15826,0
H5245,0
H19615,0
H6058,0
H13802,1
H13713,0
H13714,0
H14252,0
H14253,0
H14592,0
H15219,1
H17277,0
H18713,0
H2984,0
H393,1
H394,0
H396,0
H15194,0
H15195,0
H15196,0
H3672,0
H18343,0
H12817,0
H15625,0
H19106,0
H5705,0
H12668,0
H13306,0
H13348,0
H13349,0
H1335,1
H13398,0
H1367,1
H13899,0
H14023,0
H14231,0
H14232,0
H14574,0
H14648,0
H14811,0
H14825,0
H14855,0
H14856,0
H14857,0
H14968,1
H14969,0
H15095,0
H15590,1
H15644,0
H15869,0
H1593,0
H16012,1
H16176,0
H16237,0
H16238,0
H16375,0
H16930,1
H16931,1
H17129,0
H17417,1
H17557,0
H17752,0
H18217,0
H18220,1
H18234,0
H18235,0
H18735,0
H18761,0
H19039,1
H19040,0
H19857,0
H19902,0
H19950,0
H3085,0
H3106,0
H3107,1
H3108,0
H3249,0
H3613,0
H3646,0
H372,0
H3752,1
H3897,1
H3983,1
H3984,1
H4004,0
H4034,1
H4045,1
H4071,1
H4077,1
H4085,0
H4086,1
H4125,1
H4307,0
H4428,0
H4429,0
H4474,1
H4485,0
H4486,0
H4488,0
H4512,0
H4513,0
H4579,1
H4585,0
H4586,0
H4617,0
H4668,1
H4796,0
H4990,0
H5021,0
H5094,0
H5188,0
H5196,1
H5230,1
H5309,1
H5316,0
H5339,0
H5401,0
H5407,0
H5456,0
H5462,1
H5528,0
H6064,1
H6085,0
H6089,1
H6096,0
H6159,0
H6316,0
H6373,0
H642,0
H6439,1
H6440,1
H6463,1
H6464,1
H6657,0
H6701,1
H7295,0
H7350,1
H7410,0
H529,0
H6380,0
H12713,0
H12935,0
H13194,1
H13281,1
H13446,0
H13811,0
H13918,1
H13919,1
H13931,0
H13932,0
H14151,0
H14260,1
H14261,0
H14298,0
H14321,1
H14322,1
H14323,1
H14350,0
H14494,0
H14557,0
H14627,1
H14700,1
H14701,0
H14824,1
H15054,0
H15198,1
H15211,0
H15435,0
H15436,0
H15437,0
H15438,1
H15453,1
H15808,0
H15975,0
H15976,0
H16081,1
H16082,1
H16528,1
H16628,1
H16727,0
H16940,1
H16978,1
H16979,1
H16980,1
H17089,0
H17110,0
H17634,0
H17781,1
H17782,1
H17784,1
H17788,0
H17789,0
H17790,0
H17957,0
H17958,0
H17959,0
H18127,0
H18128,0
H18320,0
H1841,0
H18422,0
H1843,0
H18509,1
H18655,0
H18674,0
H18943,0
H18953,1
H1901,0
H19105,0
H19175,0
H19580,0
H1960,0
H19828,1
H2078,1
H2144,0
H2157,0
H2158,0
H2177,0
H2242,1
H2295,0
H2451,0
H2499,0
H2547,0
H2604,0
H2683,0
H2684,0
H2777,1
H2786,0
H2825,0
H2858,0
H2859,1
H2861,0
H2963,1
H3003,0
H3004,0
H3006,1
H3093,1
H3094,1
H3748,0
H3826,0
H3985,0
H4050,0
H4051,0
H4122,0
H4123,0
H4328,1
H4338,1
H4360,0
H5090,0
H5091,0
H5128,0
H530,0
H5306,0
H5307,0
H531,0
H533,0
H534,0
H535,0
H536,0
H5502,0
H5516,0
H5533,0
H5538,0
H5545,1
H6140,0
H6141,0
H63,0
H6426,0
H6460,1
H647,1
H659,0
H6712,1
H6713,0
H6756,0
H6865,0
H6866,0
H6867,0
H708,0
H728,0
H7341,0
H7342,0
H7474,1
H7475,1
H14143,0
H5531,0
H13472,0
H13488,1
H14521,0
H15386,1
H15387,0
H15388,0
H15457,0
H15728,0
H15839,0
H16203,0
H17272,0
H17274,0
H17912,0
H19404,1
H19405,1
H19858,1
H3782,1
H3901,1
H4092,1
H4381,0
H4400,1
H4401,1
H4402,1
H4672,1
H4771,0
H4868,0
H5098,0
H5143,0
H5150,1
H5308,0
H5438,0
H5439,0
H6032,0
H6142,1
H6690,0
H7327,1
H15874,0
H15875,0
H14116,1
H5507,0
H13352,0
H15410,0
H16435,0
H2086,0
H3294,1
H3345,1
H7217,0
H6833,0
H14817,0
H14818,0
H15543,0
H6925,0
H14712,1
H17819,0
H17890,1
H17891,1
H2526,1
H13751,0
H16283,0
H19524,0
H13153,0
H2898,0
H4060,0
H16660,0
H17939,1
H4700,1
H15797,0
H15833,0
H15854,1
H18197,0
H19698,0
H4697,0
H13027,0
H13457,1
H14502,0
H14946,0
H15109,1
H17616,0
H17618,0
H17657,0
H17658,0
H17659,0
H19924,0
H2056,1
H2209,1
H2210,1
H2603,1
H5529,1
H652,0
H14249,0
H14250,0
H17218,1
H7066,1
H5537,0
H401,0
H403,0
H4099,1
H4955,1
H12920,0
H18238,0
H15849,0
H17002,0
H3201,0
H3607,0
H2584,0
H2585,0
H3280,0
H6383,0
H2127,0
H2128,0
H3480,0
H3539,0
H3912,0
H3913,0
H3712,0
H19807,0
H13056,0
H13057,0
H19061,0
H6042,1
H6296,0
H2882,0
H13347,0
H19922,0
H13791,0
H18845,0
H18931,0
H16390,0
H18855,0
H19078,0
H19079,0
H16169,0
H18836,0
H18837,0
H18838,0
H18839,0
H18927,1
H19075,1
H19076,0
H19882,0
H13262,0
H14105,0
H15087,0
H15371,1
H17107,1
H17161,0
H17162,0
H17163,0
H17225,0
H17226,0
H17484,0
H17485,0
H17486,0
H18659,0
H18660,0
H18841,0
H18843,0
H18844,1
H18846,0
H18853,0
H18854,0
H18929,0
H18930,0
H19041,0
H19042,1
H19065,0
H19067,1
H19074,0
H19077,0
H19571,0
H3581,0
H4040,0
H6746,0
H18972,0
H6985,0
H12734,1
H12735,1
H16665,0
H5955,0
H5956,0
H16498,0
H16499,0
H17361,0
H412,0
H414,0
H415,0
H417,0
H418,0
H15377,0
H17199,0
H17200,0
H17744,0
H17745,0
H13308,1
H13426,0
H5540,0
H14195,1
H6282,0
H6283,0
H19519,0
H3295,0
H3296,0
H3840,0
H6737,0
H743,0
H4657,0
H4658,0
H16760,0
H1858,0
H575,0
H14965,0
H14966,0
H16992,0
H2609,0
H6710,0
H6958,0
H6959,0
H6965,1
H7146,0
H2443,0
H389,0
H12663,0
H15367,0
H15403,1
H15404,1
H6661,0
H6663,0
H12608,0
H13748,0
H13778,0
H13779,0
H13985,0
H13991,0
H14024,0
H14025,0
H14170,0
H14173,0
H14174,0
H14175,0
H14176,0
H14177,0
H14192,0
H16589,1
H16590,1
H17022,0
H18310,1
H18311,1
H18687,0
H18746,0
H18925,0
H18926,0
H18940,1
H18942,0
H19601,0
H3092,0
H3449,0
H3827,0
H434,1
H4353,0
H4763,0
H4764,0
H6270,0
H6271,0
H6341,0
H6365,0
H6481,0
H6520,0
H6554,0
H6555,0
H6605,0
H6606,0
H6773,0
H6827,0
H6905,0
H6906,1
H6907,1
H6908,0
H6910,0
H6962,0
H7025,0
H7113,0
H7169,0
H7239,0
H7428,0
H7429,0
H7430,0
H3402,0
H12628,0
H12909,0
H13584,0
H13585,0
H15862,0
H15863,0
H15943,1
H17176,0
H18342,0
H18884,0
H19126,0
H2943,1
H2944,1
H3760,0
H3761,0
H5404,0
H5441,0
H5788,0
H5789,0
H5790,0
H5823,0
H5824,0
H5947,0
H7455,0
H7456,0
H7457,0
H15793,0
H2412,0
H2413,0
H7351,0
H6722,0
H14744,0
H19167,0
H592,0
H14798,1
H2123,0
H3121,0
H4403,0
H13065,0
H18565,1
H18044,0
H19751,0
H13173,0
H18205,0
H18206,0
H13298,0
H18729,0
H19875,0
H6074,0
H6775,0
H3768,0
H14396,0
H15956,0
H15957,0
H15958,0
H17551,1
H18512,0
H3248,0
H14401,0
H7398,0
H7399,0
H1358,0
H2775,0
H2985,0
H17017,0
H16546,0
H178,0
H179,0
H18219,0
H18401,0
H3584,0
H3635,0
H3762,0
H3772,0
H5198,0
H7252,1
H7290,0
H16069,1
H19112,0
H19113,0
H13805,0
H14003,0
H14004,0
H15830,0
H16706,1
H16768,1
H17109,0
H17832,1
H19480,0
H7237,0
H7478,0
H16461,0
H17738,0
H6523,1
H6524,1
H19084,1
H19085,1
H14408,0
H14409,1
H14411,1
H14412,1
H14413,1
H15288,0
H14723,1
H15988,0
H16741,1
H16742,1
H14779,0
H4289,0
H5600,0
H6287,0
H4290,1
H5065,0
H6178,0
H13158,0
H13159,0
H16999,1
H18494,0
H3723,0
H4235,0
H4236,0
H4298,0
H4299,0
H4300,0
H15411,0
H16369,0
H15055,0
H15056,0
H16477,0
H16478,0
H4395,0
H13997,0
H16790,0
H16791,0
H16792,0
H4895,0
H7083,0
H7084,0
H7272,0
H13083,0
H13084,0
H13934,0
H13936,0
H13937,0
H13938,0
H13939,0
H13940,0
H6273,0
H16407,0
H16408,0
H2374,0
H2375,0
H2376,0
H2377,0
H2378,0
H2379,0
H3066,0
H4295,1
H5954,0
H14799,1
H2311,0
H5455,0
H5888,0
H12958,0
H12959,0
H1329,0
H1354,0
H13673,0
H13723,1
H13738,0
H13739,0
H13856,1
H1416,0
H14846,0
H1502,0
H15050,0
H15199,0
H15206,0
H15247,0
H15799,0
H15892,0
H16793,1
H16794,1
H18732,0
H1950,0
H19718,0
H217,1
H2435,0
H2436,0
H271,0
H272,0
H279,1
H280,1
H295,0
H3114,1
H3118,0
H3124,0
H3126,0
H3175,0
H3215,0
H3220,0
H37,0
H3929,0
H4246,1
H4275,0
H4276,0
H4812,0
H4884,0
H5039,0
H5040,0
H5061,0
H5082,0
H5242,0
H5387,0
H5552,0
H6477,0
H6799,1
H6800,1
H6963,0
H7318,0
H7337,0
H13110,0
H13233,0
H13421,0
H13422,0
H13744,0
H13745,0
H13746,0
H13854,0
H13855,0
H14002,0
H14162,0
H14736,0
H15626,0
H16139,0
H16717,0
H16718,0
H17756,0
H17937,0
H19303,0
H2335,0
H2490,1
H2492,0
H2686,0
H290,0
H3206,0
H3291,0
H3292,0
H3708,0
H432,0
H4576,0
H4578,0
H4939,1
H5726,0
H5727,0
H6275,0
H6470,0
H6821,0
H6822,0
H6834,0
H6964,0
H6976,0
H12820,0
H13399,0
H13757,1
H13880,0
H13881,0
H15114,0
H1609,0
H1610,0
H16646,0
H17382,0
H18471,0
H18472,0
H19257,0
H1932,0
H2560,0
H2561,0
H2687,0
H2993,0
H3111,0
H3113,0
H3214,0
H3668,0
H3717,0
H3718,0
H5794,0
H5795,0
H584,0
H586,0
H638,0
H6869,1
H6870,1
H7352,0
H13,0
H14,0
H14320,0
H1453,1
H14728,0
H1480,0
H1481,0
H14851,0
H14852,0
H14908,0
H14938,0
H14939,0
H15004,1
H15005,0
H1508,0
H1509,0
H15335,0
H15346,1
H15413,0
H15499,1
H15689,0
H15864,0
H1692,0
H16995,0
H17170,0
H17366,0
H17367,0
H17368,0
H18295,0
H2211,0
H2559,0
H3115,0
H3116,1
H3701,0
H3766,0
H427,0
H429,0
H4613,0
H4662,0
H4687,0
H4688,0
H5080,0
H5083,0
H5267,0
H5268,0
H5480,0
H6314,0
H6315,0
H6507,1
H6508,0
H7058,0
H7119,0
H12644,1
H12718,0
H13359,0
H13360,0
H13361,0
H13720,0
H13724,0
H13827,0
H13912,0
H14241,0
H14588,0
H14589,0
H1477,0
H14773,0
H14794,0
H15313,0
H15686,0
H16019,0
H16020,0
H16474,0
H17216,0
H17379,0
H17585,1
H17684,0
H17962,0
H18360,0
H18371,0
H18589,0
H1864,0
H18697,1
H1881,0
H18966,0
H19044,0
H19221,0
H19271,0
H19410,0
H19411,0
H1942,0
H19510,0
H2121,0
H2458,0
H269,0
H2732,0
H2935,0
H2994,0
H3,0
H3123,0
H3162,0
H3625,0
H3626,0
H3652,1
H3767,0
H4094,1
H4117,0
H4256,0
H426,0
H430,0
H431,0
H4468,0
H4597,0
H4736,1
H4809,1
H4810,1
H4814,0
H4815,0
H5028,0
H5164,0
H5222,0
H5376,0
H588,0
H589,0
H6130,0
H6224,0
H6279,0
H6321,0
H6394,0
H6436,0
H6474,0
H6475,0
H69,0
H7355,0
H7356,0
H7357,0
H12792,0
H12811,0
H12934,0
H13222,0
H13401,0
H13725,0
H13735,0
H13736,0
H1384,0
H14134,0
H14190,0
H1460,0
H1478,0
H14806,0
H14807,0
H15333,0
H15334,0
H15667,0
H15669,0
H15835,0
H15923,0
H16037,0
H16116,0
H16118,0
H16192,0
H16217,0
H16443,0
H16574,0
H1661,0
H16789,1
H16896,0
H17104,1
H17105,1
H17563,0
H18535,0
H18602,0
H18707,0
H1879,0
H18909,0
H1908,0
H19245,0
H19482,0
H19484,0
H19511,0
H19906,0
H19947,0
H2042,0
H2043,0
H2044,1
H2046,0
H2065,0
H2066,0
H2067,0
H2069,0
H2122,0
H2203,0
H2238,0
H2292,0
H2394,0
H2494,0
H2562,0
H270,0
H2733,0
H2821,0
H2983,0
H3009,0
H3218,0
H3247,0
H3559,0
H38,0
H4108,1
H4214,0
H4745,0
H4746,0
H4758,0
H4789,0
H4935,0
H4962,0
H5031,1
H5035,0
H5036,0
H51,0
H5145,0
H5278,0
H5813,0
H5814,0
H6171,0
H6264,0
H6484,0
H6569,0
H6700,0
H6897,0
H6969,0
H70,0
H7085,0
H7090,0
H7091,0
H7133,0
H12648,0
H13176,0
H13400,0
H1342,0
H13782,0
H13783,0
H14487,0
H1468,0
H1469,0
H14795,0
H14802,1
H14803,1
H14808,0
H14899,0
H14900,0
H14901,0
H14943,0
H1498,0
H1499,0
H1500,0
H1501,0
H16423,0
H16836,1
H18562,0
H1930,0
H19634,0
H19812,0
H19978,0
H2398,0
H2556,0
H3010,0
H3011,0
H3205,0
H3991,0
H4022,0
H4089,0
H4539,0
H4663,0
H4664,0
H4813,0
H4882,0
H5079,0
H5377,0
H5906,0
H6411,0
H6844,0
H6845,0
H6948,0
H6966,0
H6967,0
H7195,0
H7221,1
H7222,1
H7223,1
H7346,0
H7386,1
H12714,0
H13668,0
H13669,0
H13726,0
H13727,0
H14220,0
H14873,0
H14916,1
H15168,0
H15297,0
H15337,0
H15355,0
H1590,0
H17018,1
H17097,1
H18361,0
H18567,0
H19239,0
H19481,1
H19485,0
H3012,0
H3417,0
H4128,0
H4761,0
H5042,1
H5415,1
H5510,1
H5511,0
H594,0
H595,0
H6098,1
H6121,0
H6994,0
H7070,0
H7345,0
H7408,0
H12782,0
H12850,1
H13785,0
H1386,0
H13909,0
H13980,0
H14167,0
H14314,0
H14626,1
H14796,1
H14812,0
H14813,0
H14814,0
H1485,0
H1487,0
H14979,0
H15401,1
H15402,1
H17073,0
H17255,0
H17923,1
H18138,0
H19694,0
H2120,0
H2406,0
H2495,1
H3217,0
H3235,0
H3552,0
H3738,1
H3739,1
H4238,0
H4380,0
H4665,0
H4666,0
H4862,0
H4863,0
H5127,1
H12995,0
H13095,0
H14379,0
H15052,1
H16015,0
H16364,0
H16955,0
H17013,0
H17514,1
H17515,1
H17776,1
H17777,1
H17778,1
H19109,0
H19124,0
H3161,0
H3333,0
H3496,0
H3497,0
H13764,0
H13816,0
H1664,0
H18389,1
H18709,0
H2738,0
H2739,0
H5900,0
H12832,1
H13755,0
H17314,1
H17468,0
H18191,0
H4016,0
H4608,0
H5925,0
H12641,0
H12642,0
H14805,1
H15999,1
H17655,1
H18201,0
H18202,0
H18203,0
H18676,1
H19356,0
H2094,0
H2823,1
H3207,1
H3208,1
H3209,1
H4211,1
H5159,0
H5240,1
H5241,1
H590,0
H6938,0
H18298,1
H19230,0
H3202,0
H3203,0
H3204,0
H359,0
H6453,0
H6454,0
H6455,0
H6456,0
H15483,0
H15484,0
H15834,0
H1585,0
H1658,0
H1659,0
H17590,0
H1878,0
H19436,0
H19979,0
H3088,0
H4335,0
H5189,0
H13445,0
H15041,1
H18731,0
H19127,0
H19384,0
H2293,0
H3603,0
H3838,0
H3839,0
H46,0
H5855,0
H14976,0
H14977,0
H13967,0
H2911,0
H3832,1
H3833,0
H3870,0
H1269,0
H1273,0
H135,1
H14015,1
H14327,0
H18546,1
H215,0
H216,0
H2163,1
H2228,0
H225,0
H226,1
H233,0
H234,0
H235,0
H241,0
H242,0
H243,0
H2470,0
H249,0
H273,0
H274,0
H2760,1
H282,0
H284,0
H285,0
H289,1
H3135,1
H3242,0
H3243,0
H337,0
H3778,0
H3803,0
H3865,0
H3866,1
H3879,1
H3880,1
H3883,0
H3926,0
H4536,0
H5173,0
H15022,1
H4631,0
H4632,0
H6991,1
H6992,1
H2151,0
H2152,0
H265,0
H288,0
H4522,0
H14982,0
H3377,0
H3673,0
H3674,0
H3877,1
H3527,0
H3528,0
H4778,0
H17164,0
H3804,1
H3805,1
H487,0
H488,0
H222,0
H223,0
H2467,0
H2468,0
H2469,0
H2577,0
H283,0
H286,0
H5899,0
H5944,0
H13118,1
H18339,0
H3303,0
H3857,0
H6685,0
H3793,1
H3794,0
H3795,0
H3819,1
H3820,0
H3859,0
H3902,0
H3962,0
H4699,0
H5199,0
H5549,0
H7440,0
H15020,0
H13356,0
H13749,1
H14144,0
H15152,0
H15810,0
H17972,1
H17973,1
H18483,0
H18484,0
H18514,0
H18515,0
H18625,0
H18626,0
H19160,1
H19161,0
H2500,0
H505,0
H12657,1
H18964,0
H3941,0
H3942,0
H516,0
H15274,0
H13404,1
H18633,0
H18634,0
H15217,0
H6493,0
H13390,0
H17081,0
H15289,0
H5414,0
H17711,0
H5483,0
H18274,0
H18384,0
H18566,0
H19951,0
H12889,0
H13072,0
H13792,0
H17144,0
H17889,1
H18510,0
H18671,0
H18672,0
H18698,0
H3551,1
H4007,0
H4408,0
H4767,0
H6360,0
H6587,0
H6930,0
H13128,0
H13129,0
H15660,0
H15661,0
H18744,1
H6252,0
H4899,0
H14165,0
H13145,1
H6872,0
H1265,0
H1272,0
H14599,0
H15146,0
H15478,0
H15479,0
H15738,0
H16058,0
H19338,0
H19930,0
H19934,0
H19960,0
H2537,0
H4661,0
H485,0
H486,0
H5266,0
H5303,0
H5304,0
H5391,0
H5393,0
H5429,0
H6257,0
H6716,0
H18102,0
H18103,0
H18264,0
H1286,0
H1293,0
H14392,0
H14393,0
H14695,0
H15408,0
H15953,0
H19927,0
H19939,0
H4611,0
H495,0
H496,0
H5071,0
H5072,0
H5246,0
H5251,0
H5336,0
H7140,0
H7141,0
H18726,0
H1892,0
H1893,0
H19972,0
H12625,0
H12626,0
H1311,0
H13126,0
H13498,0
H1398,0
H1399,0
H1400,0
H1401,0
H1422,0
H1423,0
H1425,0
H1427,0
H1428,0
H1433,0
H1435,0
H1436,0
H1438,1
H1439,0
H1446,0
H1447,0
H1458,0
H1463,0
H1465,0
H1466,0
H1470,0
H1471,0
H1473,0
H14745,0
H1491,0
H1510,0
H1511,0
H1512,0
H1513,0
H1520,0
H1586,1
H1617,0
H16985,0
H18211,0
H1928,0
H1929,0
H1947,0
H1948,0
H1949,0
H19862,0
H2280,0
H2381,0
H2751,0
H293,0
H343,0
H344,0
H345,0
H346,0
H3565,0
H3787,0
H3788,0
H3789,1
H3952,0
H4197,0
H4435,1
H4572,0
H4744,0
H4806,0
H4833,0
H4834,0
H4846,0
H4944,0
H502,0
H503,0
H504,0
H508,0
H5103,0
H5491,1
H5958,0
H6080,0
H7009,0
H14016,0
H5755,0
H5818,0
H5819,0
H15025,0
H19439,0
H17695,0
H14245,0
H1891,0
H1895,0
H1897,0
H1440,0
H6308,0
H6309,0
H1476,0
H7369,1
H7372,1
H13801,0
H17028,0
H2954,1
H3989,0
H3990,0
H5131,0
H16452,0
H14669,0
H19723,0
H12767,0
H17879,0
H17880,0
H2317,0
H4459,0
H4460,0
H6379,1
H3501,0
H410,0
H15173,0
H17770,0
H2038,0
H15576,1
H18916,0
H4367,0
H7046,0
H12818,0
H12819,0
H4149,0
H17146,0
H13017,0
H1355,0
H3775,0
H3078,0
H2390,0
H4293,0
H6325,0
H14957,0
H19814,1
H14255,1
H13634,0
H15460,0
H2111,0
H2112,0
H23,0
H2723,0
H42,0
H4230,0
H5752,0
H16241,1
H17944,0
H5744,1
H5440,0
H18,0
H12806,1
H13087,0
H15251,0
H15252,0
H17977,0
H2301,1
H2650,1
H6904,0
H14373,0
H14374,0
H3716,1
H5323,0
H2850,0
H3949,0
H13289,1
H14283,0
H15047,0
H16057,0
H17981,1
H17995,1
H198,0
H2129,1
H2130,1
H2221,0
H2222,0
H2364,0
H2912,0
H3100,1
H3530,0
H3531,0
H3688,0
H3689,0
H3927,0
H4398,0
H4399,0
H4792,1
H4799,0
H4800,0
H5611,0
H5736,0
H5801,0
H5802,0
H5806,0
H5822,1
H5963,0
H6331,1
H6332,1
H6420,0
H6830,0
H6929,0
H7256,0
H7299,0
H18647,0
H18648,0
H18649,0
H15697,0
H17130,0
H17405,0
H17406,1
H17680,0
H17681,0
H17682,0
H17683,0
H17687,0
H17690,0
H18022,0
H18023,0
H18024,0
H18026,0
H18027,0
H18036,1
H18037,0
H18209,0
H18210,0
H18937,1
H17039,1
H14531,0
H17726,0
H5588,0
H2229,0
H5927,1
H16777,0
H12683,0
H12844,0
H16436,0
H12803,1
H13740,0
H14944,0
H1914,0
H2016,0
H2090,0
H2243,0
H2791,0
H6049,0
H6050,0
H2421,0
H2422,0
H5001,0
H4989,0
H4991,0
H15913,0
H14593,0
H4877,1
H4878,1
H2752,0
H13193,0
H13197,0
H13542,0
H13883,0
H13979,1
H4970,1
H5195,0
H2447,0
H2483,0
H2484,0
H3079,0
H3571,0
H4984,0
H4985,0
H4987,1
H4988,0
H4992,0
H4993,0
H4995,0
H4997,0
H4998,0
H5000,0
H5003,0
H5004,0
H5007,0
H5008,0
H5010,1
H5011,1
H5012,0
H5013,0
H5015,0
H5017,0
H5018,0
H5019,0
H2563,0
H4035,0
H17506,0
H12925,0
H2818,0
H5951,1
H2322,0
H3153,0
H3545,0
H4501,0
H4502,0
H14284,0
H14236,0
H13629,0
H3583,0
H7243,0
H7007,0
H7008,0
H14026,0
H13728,0
H14282,1
H15598,0
H17565,1
H17566,1
H18084,1
H18085,1
H18438,0
H18441,0
H18661,0
H18715,0
H18716,0
H18864,0
H18865,0
H19103,0
H19137,0
H19181,0
H19334,0
H19493,1
H19565,0
H19659,0
H19774,0
H2671,1
H2759,0
H3263,0
H3264,0
H3416,1
H4674,1
H5494,1
H5863,0
H5864,0
H5871,0
H5872,0
H6298,0
H6299,0
H6301,1
H6601,0
H6602,0
H15922,0
H16330,0
H16631,0
H16633,0
H16635,0
H17118,0
H17194,0
H17604,0
H2762,0
H2916,0
H3558,0
H513,0
H5605,0
H5606,0
H5607,0
H5608,0
H6627,0
H6628,1
H6922,0
H14738,0
H6826,0
H15544,0
H16625,0
H6327,0
H6328,0
H6329,0
H15500,0
H18816,0
H4507,0
H4508,0
H3266,0
H16699,0
H15649,0
H17677,0
H17030,1
H19946,0
H18230,1
H18231,1
H17755,1
H18894,0
H18895,0
H19444,0
H14018,0
H14019,0
H14770,0
H14769,1
H17372,0
H17373,0
H17345,0
H19781,0
H12669,1
H12670,1
H13143,0
H14732,1
H4785,0
H15523,0
H15524,0
H13268,0
H13509,0
H13510,0
H13545,0
H13546,0
H14210,0
H14211,0
H14540,0
H1475,0
H14780,0
H1493,0
H15104,0
H15269,0
H15398,0
H15503,0
H15753,0
H15894,0
H15895,0
H16167,0
H16175,1
H16202,0
H16838,0
H17160,1
H172,0
H17250,0
H17739,0
H17742,0
H17800,1
H17930,0
H17931,0
H17932,0
H17949,0
H17950,0
H17951,0
H17984,1
H1832,0
H18372,0
H18373,1
H18551,0
H18552,0
H18594,0
H1870,0
H18789,0
H18790,0
H1918,0
H19318,0
H19319,0
H19426,0
H19427,0
H19792,1
H19804,0
H19820,0
H19877,0
H19949,0
H2140,0
H2141,0
H2714,0
H2928,0
H2929,0
H3686,0
H3687,0
H3690,0
H3841,0
H3969,0
H3970,0
H4056,0
H4057,0
H4073,0
H4873,0
H5060,0
H5254,0
H5255,0
H543,0
H544,0
H5618,0
H6501,0
H6761,0
H6769,0
H6771,0
H6781,1
H7288,1
H7296,0
H7324,1
H7325,0
H7367,1
H741,0
H742,0
H16162,0
H12770,0
H425,0
H16520,0
H13383,0
H19243,0
H158,0
H16119,0
H17333,0
H19561,0
H6108,0
H7472,0
H7473,0
H14989,0
H16183,0
H565,0
H12976,0
H13172,0
H13603,0
H13620,0
H13682,0
H13685,0
H13686,0
H13687,1
H13689,0
H13690,0
H13691,0
H13693,0
H13694,0
H13695,0
H13696,0
H13697,0
H13698,0
H13700,0
H13701,0
H13702,0
H13838,0
H13849,0
H14123,0
H14508,0
H14636,0
H14637,0
H15169,0
H15170,0
H15208,0
H15489,0
H15574,0
H15663,0
H15698,0
H15703,0
H15710,0
H15711,0
H15712,0
H15856,1
H15871,0
H15872,0
H15873,0
H15902,0
H15915,0
H16008,0
H16510,0
H16511,0
H16568,1
H16569,1
H16576,0
H16640,0
H16679,0
H16726,0
H16888,0
H16889,0
H16954,0
H17040,0
H17181,0
H17381,0
H17412,0
H17465,0
H17576,0
H17900,0
H17928,0
H17946,0
H17961,1
H18091,0
H18137,0
H18139,0
H18144,0
H18166,0
H18186,0
H18187,0
H18351,0
H18406,0
H18591,0
H18653,0
H18802,0
H18832,0
H19025,0
H19142,0
H19143,0
H19166,1
H19584,0
H19715,0
H19795,0
H19917,0
H19926,0
H19937,0
H2116,0
H2117,0
H2204,0
H2205,0
H2206,0
H2999,0
H3000,0
H3430,0
H3436,0
H3437,0
H3741,0
H3823,0
H3851,0
H3882,0
H4088,0
H4133,0
H4210,0
H4227,0
H4231,0
H4387,1
H4454,0
H4455,0
H4498,0
H4635,0
H4807,0
H4865,0
H50,0
H5197,0
H5284,0
H5289,0
H567,0
H572,0
H573,0
H6071,0
H6260,0
H6418,0
H6428,0
H6429,0
H6466,0
H6529,0
H6577,0
H6583,0
H6637,0
H6646,0
H7001,0
H7029,0
H7079,0
H7125,0
H7417,0
H15709,0
H16570,0
H16571,0
H19098,1
H5025,1
H5026,1
H569,0
H570,0
H18681,0
H18708,1
H6585,0
H17504,0
H17826,0
H18948,1
H18949,0
H5277,0
H19928,0
H5315,0
H14777,0
H16808,1
H19016,0
H5027,1
H16125,0
H16537,0
H19154,1
H18725,0
H14583,0
H5153,0
H19768,0
H18095,0
H18096,0
H17300,0
H17301,0
H17302,0
H3393,0
H12786,0
H12787,0
H14113,0
H14486,0
H16908,0
H1880,0
H1904,1
H4937,1
H4938,0
H6961,0
H17276,1
H19931,1
H6651,0
H6652,0
H13548,0
H1339,0
H1369,0
H14493,0
H14690,1
H14771,0
H15409,0
H1587,0
H1588,0
H1597,0
H16902,0
H16906,0
H17009,0
H17046,1
H17509,0
H1886,0
H1887,0
H1926,0
H1937,0
H1958,0
H3980,0
H4028,0
H4029,0
H435,0
H437,0
H4720,0
H4890,1
H4891,1
H4952,0
H6078,0
H6079,0
H6228,0
H6229,0
H6617,0
H6674,0
H6675,0
H6676,0
H6677,0
H6719,0
H7229,1
H14191,0
H17787,0
H15750,0
H1394,1
H1849,0
H14868,0
H12838,0
H12839,0
H13637,0
H13638,0
H14930,0
H15932,0
H15934,0
H16084,0
H17629,1
H17630,1
H6653,0
H12706,0
H15467,0
H15468,0
H14854,0
H7374,0
H13124,0
H13204,0
H15577,0
H18447,0
H13187,0
H13566,0
H13640,0
H13925,0
H13928,0
H1415,1
H14380,0
H14390,0
H14628,0
H149,0
H150,0
H15272,0
H16221,0
H16231,0
H16232,0
H17866,0
H19196,0
H19600,0
H19878,0
H2055,0
H2164,1
H2167,0
H2179,0
H2214,0
H2215,1
H2253,0
H2255,0
H2256,0
H2383,0
H2712,0
H2773,0
H2774,0
H2926,0
H2927,0
H2939,0
H3034,0
H3035,0
H3036,0
H3074,0
H3578,0
H361,0
H3936,0
H3937,0
H4569,0
H4654,0
H481,0
H482,0
H4831,0
H4963,0
H5076,0
H5099,0
H5214,0
H5861,0
H6759,0
H6936,0
H6946,0
H6957,0
H13929,0
H14348,0
H14349,0
H15341,0
H1995,0
H2457,0
H5737,0
H7287,0
H7466,0
H19794,0
H13105,0
H13106,0
H13107,0
H13183,0
H14040,0
H14041,0
H14084,0
H14504,0
H16240,0
H17558,0
H17559,0
H1863,0
H18730,0
H18991,0
H19810,0
H4024,0
H6503,0
H7011,0
H14613,0
H1353,0
H13874,0
H1413,0
H1642,0
H1657,1
H16685,0
H16988,1
H16989,1
H17324,0
H17325,0
H18607,0
H1888,1
H1902,0
H1903,0
H3033,0
H3061,0
H3981,0
H436,0
H4740,0
H5907,0
H5908,0
H1620,0
H1385,1
H1420,0
H1431,0
H1457,0
H1489,1
H1492,1
H1494,0
H1522,0
H1523,1
H1529,0
H1905,1
H1925,0
H1927,0
H1940,1
H1941,0
H2781,1
H2782,0
H16264,0
H16736,0
H12904,0
H15752,0
H16918,0
H17027,0
H17173,0
H19847,0
H2867,0
H3602,0
H3706,0
H3707,0
H4531,1
H4532,1
H4533,1
H4534,1
H5771,0
H5772,0
H5773,0
H5867,0
H5868,0
H60,0
H61,0
H6892,0
H4913,0
H13441,0
H13470,0
H13471,0
H14288,0
H19052,0
H4019,0
H4521,0
H7395,0
H16223,0
H17772,0
H17773,0
H6546,0
H1283,0
H13091,0
H15320,1
H15405,0
H15593,1
H16292,0
H16464,0
H16465,0
H16545,0
H16746,0
H16788,0
H16919,0
H16923,0
H16924,0
H16927,0
H16990,0
H17131,0
H17175,1
H18352,0
H19701,0
H19702,0
H2226,0
H2227,0
H2324,0
H2325,0
H2326,0
H2327,1
H2528,1
H2529,1
H2660,0
H291,0
H4548,0
H4549,0
H5614,0
H5615,0
H5816,0
H14194,0
H18183,0
H1542,0
H1544,0
H13068,0
H14651,0
H1545,0
H1546,0
H1547,0
H1548,0
H1549,0
H1550,0
H1552,1
H1553,1
H1555,1
H1556,0
H15790,0
H15791,0
H17707,1
H18040,1
H18227,0
H374,0
H376,0
H378,0
H379,1
H380,1
H3965,1
H4932,0
H6152,0
H656,1
H377,0
H4170,0
H686,0
H3651,1
H16697,0
H6041,0
H17730,1
H12843,0
H17292,0
H17678,0
H17679,0
H17820,0
H17887,0
H18720,0
H14461,1
H7051,0
H17293,1
H7005,0
H14344,0
H14345,0
H3963,0
H4561,0
H6084,0
H2359,0
H18736,0
H18737,0
H7451,0
H19646,0
H2779,0
H5247,0
H17523,0
H18041,0
H3909,0
H4765,0
H6998,0
H18851,0
H18852,0
H18903,0
H6,0
H13773,0
H14659,0
H14660,0
H3196,0
H3618,0
H13322,0
H2472,1
H3555,0
H3862,0
H4434,0
H6063,0
H14318,0
H14319,0
H1612,1
H1613,0
H1629,0
H17421,0
H5399,0
H1611,1
H1626,0
H1627,0
H1632,1
H6072,0
H13526,1
H13549,1
H2155,0
H2156,0
H6201,1
H6202,1
H7196,0
H15416,0
H3554,0
H1310,0
H13338,0
H13467,0
H13468,0
H13626,1
H1372,0
H13836,0
H1419,0
H14580,0
H1568,0
H1572,0
H1573,1
H1575,1
H1589,0
H1594,0
H15954,0
H16010,0
H16011,0
H16135,1
H1614,1
H1615,0
H1616,1
H16543,0
H16786,1
H168,0
H1838,0
H1850,0
H18683,1
H18757,1
H1882,0
H1884,0
H1885,0
H1890,0
H18984,0
H1900,1
H2008,0
H2018,0
H2142,0
H2187,0
H2188,0
H2504,1
H3052,0
H3251,0
H4881,0
H4909,0
H5310,1
H5847,0
H6357,0
H6376,0
H6531,0
H6538,0
H6723,1
H673,0
H6795,0
H6796,0
H6878,0
H7458,1
H14208,0
H18800,1
H2059,0
H2060,0
H2061,0
H2062,0
H2063,0
H2076,0
H24,0
H2742,0
H2743,0
H2744,0
H2745,0
H2746,0
H2747,0
H2748,0
H2749,0
H2750,0
H15312,0
H20,0
H2879,0
H14489,1
H14490,1
H2027,0
H3245,0
H18590,0
H7178,0
H3542,0
H2715,0
H3593,1
H6427,0
H6702,0
H6780,1
H16067,0
H132,0
H3197,0
H3198,0
H1600,0
H17400,0
H17401,0
H18756,0
H6751,0
H17613,1
H7266,1
H7267,1
H15072,0
H18617,0
H5458,0
H13942,0
H13944,0
H53,0
H14918,0
H2703,0
H2704,0
H2705,0
H2755,0
H2756,0
H3069,1
H3709,0
H4313,0
H4974,0
H4842,0
H4843,0
H5989,0
H6240,0
H7172,0
H7249,0
H7250,0
H7251,0
H5354,0
H136,0
H1652,0
H15110,0
H14453,0
H18600,0
H6250,0
H1357,0
H3259,1
H3260,1
H3261,1
H15575,0
H3293,0
H19452,0
H3474,0
H6620,0
H13550,0
H13924,0
H2338,0
H2663,1
H1341,0
H2415,0
H3312,0
H1695,0
H19474,0
H19475,0
H2599,0
H5734,1
H5757,0
H5758,0
H18147,0
H13489,1
H16475,0
H16967,1
H19422,1
H19423,1
H19424,1
H2708,0
H2709,0
H3408,0
H3409,0
H5273,0
H5570,1
H6745,1
H7179,0
H7187,0
H15090,0
H5111,0
H15716,0
H15717,0
H15718,0
H2050,0
H2051,0
H2079,0
H2080,0
H2083,0
H6836,0
H13541,0
H2401,0
H2402,0
H2403,0
H248,1
H2727,0
H3053,0
H3569,0
H4044,1
H5423,0
H5817,0
H4083,0
H13992,0
H3893,0
H3894,0
H6147,0
H6148,0
H18092,0
H15259,0
H16933,0
H16934,0
H483,0
H5612,0
H17688,0
H19690,0
H16277,0
H19970,0
H4052,0
H7245,0
H7246,0
H7247,0
H13251,0
H12939,0
H12940,0
H16653,0
H16783,0
H19553,0
H4417,0
H13705,0
H3019,0
H3234,0
H3670,0
H397,0
H4166,0
H7298,0
H16051,0
H15715,0
H5342,0
H266,0
H3375,0
H5825,0
H18913,0
H5833,0
H3237,0
H5807,0
H13860,0
H13861,0
H5808,1
H5809,1
H15690,1
H15691,1
H4064,0
H15860,0
H19989,0
H14739,1
H2783,0
H5902,1
H5903,1
H6435,0
H3632,0
H3719,0
H3720,0
H3721,0
H3724,0
H3725,0
H3727,0
H3729,0
H3735,0
H3743,0
H3744,0
H3756,0
H3758,0
H5235,0
H5345,0
H5495,0
H6134,0
H7074,0
H1875,1
H2296,0
H3031,0
H12846,1
H12981,0
H12982,0
H13088,0
H1324,0
H13469,1
H13490,1
H14037,0
H14094,0
H14131,0
H1426,0
H14402,0
H1441,1
H1442,1
H1443,1
H1450,0
H14830,0
H14842,0
H15061,1
H15393,0
H16251,0
H17463,0
H17511,1
H17612,0
H18030,1
H18054,0
H18182,0
H18221,0
H18268,0
H18383,0
H1847,0
H18513,0
H1852,0
H18663,0
H1874,0
H18769,1
H19327,0
H19873,0
H199,0
H19932,0
H2136,1
H2137,1
H229,0
H230,0
H2697,0
H2698,0
H2862,0
H2863,0
H2902,0
H2990,0
H3180,0
H3543,0
H3669,0
H3740,1
H3815,0
H4010,0
H4220,0
H4727,0
H5321,1
H5386,0
H5406,1
H6116,0
H6203,0
H6405,0
H6406,0
H6407,0
H16983,0
H18098,0
H17748,0
H2536,0
H15643,0
H3032,0
H17861,0
H15583,0
H15584,0
H6633,0
H16353,0
H18963,0
H18456,0
H18457,0
H18850,0
H5835,0
H3698,0
H6188,1
H6093,1
H5875,0
H5932,0
H5933,0
H2950,0
H3532,0
H3533,0
H17099,0
H6502,0
H6509,0
H13649,0
H14316,0
H14317,0
H2951,1
H3281,0
H3733,1
H3734,1
H3957,0
H4043,0
H4529,0
H4695,1
H4747,0
H4748,0
H479,0
H5151,0
H5167,0
H5168,0
H5609,0
H6214,0
H65,0
H6809,1
H7156,0
H4129,0
H3566,0
H3567,0
H3798,1
H3968,0
H3488,0
H18241,0
H19190,0
H17376,1
H17377,1
H1921,0
H18518,0
H552,0
H553,0
H15481,0
H16275,0
H16276,0
H18292,0
H18468,1
H19122,0
H19552,0
H2309,1
H2630,0
H3599,0
H3600,0
H4158,0
H5233,0
H546,0
H547,0
H549,0
H550,1
H551,1
H6251,0
H6563,0
H6564,0
H6755,0
H3661,0
H4392,0
H4393,0
H6495,0
H13001,0
H5374,0
H5375,1
H18340,0
H4713,0
H16530,0
H19117,0
H17489,0
H17491,0
H19557,0
H19558,0
H5601,0
H15904,0
H15905,0
H15906,0
H17086,0
H13240,0
H13388,0
H13813,0
H13814,0
H13815,0
H15879,0
H19620,0
H18688,1
H1723,0
H17521,0
H2328,0
H2329,0
H3938,0
H4756,0
H5470,0
H5471,0
H13831,0
H15305,0
H4575,0
H6591,0
H6856,0
H6857,0
H12716,0
H12717,0
H14080,0
H17119,0
H17120,0
H18212,0
H17357,0
H17358,0
H174,0
H17761,0
H2341,0
H500,0
H501,0
H19300,0
H17123,0
H18086,0
H18088,0
H4013,0
H4413,0
H4414,0
H4564,0
H4678,0
H4679,0
H5433,0
H5434,0
H6920,0
H14673,0
H3660,0
H14841,1
H6951,0
H1295,0
H1298,0
H17050,0
H17051,0
H17052,0
H19153,1
H294,0
H6151,0
H12617,0
H13009,0
H13577,0
H14072,0
H14073,0
H14074,0
H14442,0
H14980,0
H15311,0
H16719,1
H16969,0
H16970,0
H19458,0
H2272,0
H2656,0
H2657,0
H3606,0
H3612,0
H3676,0
H3828,0
H4107,0
H4334,0
H4342,0
H4446,0
H4469,0
H4515,0
H4519,0
H4545,0
H4908,0
H4959,0
H5206,0
H5257,0
H6055,0
H6090,1
H6125,0
H6143,0
H6196,0
H6225,0
H6338,0
H6352,0
H6649,0
H6714,0
H6783,0
H6784,0
H7376,0
H7435,0
H3145,0
H3508,0
H3746,0
H6276,0
H6277,0
H6280,0
H6281,0
H6549,0
H19136,0
H6387,0
H6603,0
H7469,0
H17898,0
H17899,0
H14783,0
H14784,0
H3308,0
H4031,0
H16678,0
H17502,0
H19070,0
H13648,0
H1267,0
H1268,0
H13048,1
H13049,1
H13155,0
H1318,1
H13440,1
H13780,0
H13781,0
H15023,0
H16349,0
H16350,0
H1844,0
H1845,0
H1846,0
H19304,0
H19305,0
H19306,0
H19815,0
H2124,0
H2444,0
H2522,0
H2524,0
H2525,0
H2817,0
H2959,0
H2960,0
H2961,0
H3677,0
H3699,0
H3844,0
H3863,0
H3864,0
H4017,0
H4284,0
H4285,0
H5121,0
H5215,0
H5216,0
H5217,0
H5481,0
H5968,0
H5969,0
H5970,0
H6197,1
H6198,0
H6294,0
H6706,0
H7174,0
H7190,0
H7209,0
H7300,0
H13456,0
H19053,1
H2369,0
H2370,0
H13010,0
H16348,1
H2371,0
H5211,0
H3367,0
H14560,0
H14440,0
H14444,0
H1810,0
H7387,1
H5799,0
H4588,0
H2355,0
H3899,0
H19033,1
H19034,1
H18795,1
H19891,0
H2788,0
H2937,0
H4366,0
H6099,0
H6222,0
H6223,0
H6417,0
H6721,0
H7238,0
H4032,1
H2661,0
H13365,0
H15622,0
H4075,0
H13658,0
H13659,0
H6211,0
H2234,0
H3353,0
H16816,1
H18662,0
H12810,0
H14704,0
H5113,0
H3300,0
H3629,0
H1276,0
H16647,1
H16648,1
H19920,0
H4759,0
H4760,0
H17672,1
H18434,1
H6434,0
H13186,0
H148,0
H14959,1
H15124,0
H15221,0
H16846,0
H17365,0
H17913,1
H18215,0
H1826,0
H18424,1
H18710,1
H18711,1
H2088,0
H2089,0
H2104,0
H2105,0
H2169,0
H2489,0
H2514,0
H3350,0
H3351,0
H3356,0
H4480,0
H4721,0
H5492,0
H6149,0
H6150,0
H17457,0
H5582,1
H15000,0
H4781,0
H12988,0
H12989,0
H15368,0
H3352,0
H2539,0
H2540,0
H7207,0
H7216,1
H12883,0
H18581,0
H5363,0
H6944,0
H6945,0
H16863,0
H16909,0
H16958,0
H17288,1
H17289,1
H4243,0
H4244,0
H4245,0
H4598,0
H4599,0
H4625,0
H4626,0
H4703,0
H4704,0
H4772,1
H4951,0
H5410,0
H6551,0
H6846,0
H7338,0
H7339,0
H7477,0
H4012,0
H13333,1
H2718,0
H2721,0
H19677,1
H4432,0
H13598,0
H14836,0
H17388,1
H16097,0
H16173,1
H16427,0
H16428,0
H16758,0
H16811,0
H6353,0
H13552,0
H13553,0
H15144,0
H12975,0
H13787,0
H18193,0
H16253,0
H16567,1
H17137,0
H17138,0
H12660,0
H13014,0
H13986,0
H14554,0
H14787,0
H15302,1
H15324,0
H15325,0
H15326,0
H15493,1
H15985,0
H15986,0
H16138,1
H17032,0
H17265,0
H18031,1
H18032,1
H18034,1
H18035,1
H19057,0
H19058,0
H19129,0
H19148,1
H19164,0
H19635,0
H19786,0
H19864,0
H2392,0
H2393,0
H3777,0
H4058,0
H4766,0
H7361,1
H4735,0
H19089,0
H19090,0
H15137,0
H15138,0
H15141,0
H13893,1
H18936,1
H15156,1
H13569,1
H13656,0
H14169,1
H14832,0
H4855,0
H15120,0
H14829,0
H13898,0
H16152,0
H17812,0
H18404,0
H18405,0
H16735,1
H14816,0
H12742,1
H13554,0
H13555,0
H13571,1
H13572,1
H14833,0
H14834,0
H15586,1
H15587,1
H15588,1
H16835,0
H17723,0
H17985,0
H19056,0
H17122,0
H14788,0
H19189,0
H15816,1
H13101,0
H4954,0
H15390,0
H17649,0
H15148,1
H15978,0
H4504,0
H15093,1
H7400,0
H15160,0
H17501,0
H16703,0
H17841,0
H15051,0
H16547,0
H14426,0
H2676,0
H4240,0
H252,0
H5602,0
H3966,0
H6567,1
H6581,1
H6582,1
H19737,0
H3628,0
H6877,0
H13219,0
H16043,0
H4119,0
H4120,0
H4172,0
H4173,0
H4174,0
H4332,0
H4423,0
H4523,0
H4583,0
H4584,0
H4606,0
H4607,0
H4851,1
H5288,0
H6185,0
H6186,0
H6345,0
H6346,1
H6347,0
H6757,0
H6758,0
H7276,0
H19381,1
H15971,0
H16087,1
H16637,1
H1773,0
H19130,0
H2288,0
H2820,0
H6447,0
H14887,1
H15234,0
H16750,0
H16751,0
H17452,0
H17453,0
H309,0
H310,0
H454,0
H455,0
H4837,1
H6949,0
H6950,0
H7017,0
H706,0
H14463,0
H1530,0
H1531,0
H1532,0
H15450,0
H1633,0
H1634,1
H1635,1
H1636,0
H1639,0
H1641,0
H1644,0
H1645,0
H1854,0
H1855,0
H3365,0
H3366,0
H6370,0
H6371,0
H15359,0
H15770,0
H19676,0
H18525,1
H2480,0
H19853,0
H13414,0
H14199,0
H14877,0
H14905,0
H14921,0
H14922,0
H16787,0
H4147,0
H4208,0
H4209,0
H4344,0
H4345,0
H4346,0
H4517,0
H13963,1
H17611,0
H14845,0
H15166,0
H15185,0
H15417,0
H15867,0
H18070,0
H18414,1
H18415,0
H18619,0
H2423,0
H2769,0
H3096,1
H3262,0
H3297,0
H3298,0
H3311,0
H3316,0
H3317,0
H3325,0
H3332,0
H3344,0
H3357,0
H4506,0
H5521,0
H7310,0
H7312,0
H7313,0
H7314,0
H2478,0
H2479,0
H14548,1
H14962,0
H1637,0
H2282,0
H4148,0
H6987,0
H7294,0
H2427,1
H2428,0
H3187,0
H3188,0
H5154,0
H12886,1
H16893,0
H2570,0
H2571,0
H328,0
H4893,0
H5840,0
H15017,0
H15018,1
H13964,0
H15510,1
H15993,0
H16085,0
H16086,0
H16457,0
H19414,1
H19885,0
H2279,0
H2569,1
H303,0
H304,0
H319,1
H320,0
H329,0
H330,0
H331,0
H350,0
H3556,1
H4021,0
H4378,0
H4649,1
H5838,0
H5839,0
H6452,0
H6578,0
H6579,0
H7142,0
H6393,0
H12953,0
H12993,1
H13023,0
H13618,0
H13788,1
H13808,0
H13989,0
H14642,0
H15948,0
H15961,1
H16093,0
H16094,0
H17592,0
H17648,0
H18345,0
H18586,1
H18722,0
H19244,0
H2259,0
H2260,0
H2343,1
H2362,0
H2488,0
H254,0
H2566,0
H2568,0
H259,0
H2600,0
H2722,0
H276,0
H277,0
H278,0
H2891,0
H2995,0
H3046,1
H3189,1
H321,0
H322,0
H323,0
H324,0
H325,0
H327,1
H3282,0
H3283,0
H333,0
H334,0
H347,1
H3489,1
H3490,1
H3492,1
H3518,0
H352,0
H3682,0
H3924,0
H3976,0
H4273,0
H4537,0
H4650,1
H5130,0
H5733,1
H5763,0
H5841,0
H5842,0
H5843,0
H5844,0
H5883,0
H5884,0
H5893,1
H5894,1
H5905,0
H6034,0
H6168,0
H6193,0
H6205,0
H6354,0
H6479,0
H6480,0
H6807,0
H6811,0
H6812,0
H6916,0
H7101,0
H7164,0
H4783,0
H4784,0
H15086,0
H17853,0
H2316,0
H4027,0
H17318,0
H14848,0
H6476,0
H12893,0
H13581,0
H13594,0
H13595,0
H13596,0
H14397,0
H14438,1
H14529,0
H14849,0
H15021,0
H17133,1
H17134,1
H17865,0
H18011,0
H3610,0
H5029,0
H5030,0
H13201,0
H13599,1
H13807,0
H13819,1
H14139,0
H15153,0
H15786,0
H15787,0
H16358,0
H16709,1
H16710,1
H16711,1
H17211,0
H17316,0
H17317,0
H17438,0
H3541,1
H4538,0
H4702,0
H4817,0
H6324,0
H13276,0
H13287,0
H13579,1
H13580,1
H13589,0
H13590,0
H13597,1
H13604,0
H13651,0
H13653,0
H13767,0
H13913,0
H13922,0
H14285,0
H14523,0
H14524,0
H14558,0
H1515,0
H16303,0
H16608,0
H16707,0
H16925,1
H17330,0
H17896,0
H18291,0
H18300,1
H18452,0
H18830,0
H18831,0
H1944,0
H1946,0
H2766,0
H3334,1
H3888,0
H4359,0
H4587,0
H4670,0
H5225,0
H5227,0
H5934,0
H5935,0
H6592,0
H7080,0
H7149,0
H7401,0
H17817,0
H6184,0
H6227,1
H6313,0
H6831,0
H6832,0
H5452,0
H6604,0
H13344,0
H13407,0
H13812,0
H18486,0
H1483,0
H19080,1
H19081,1
H5279,0
H5280,0
H5281,0
H6912,0
H7110,0
H15916,0
H5573,0
H13605,0
H14709,0
H3749,0
H3751,1
H5477,0
H6255,0
H6256,0
H2619,0
H19942,0
H7102,0
H7103,0
H18198,1
H133,0
H134,0
H6573,0
H16164,1
H16165,1
H19502,0
H2411,0
H267,0
H3691,0
H3867,1
H3868,1
H6654,0
H6715,0
H18975,0
H4213,0
H4296,0
H4297,0
H14267,0
H15492,0
H15650,1
H15651,1
H15652,1
H17697,0
H18071,0
H18902,0
H19320,0
H19322,0
H19428,0
H19429,0
H19449,0
H2399,1
H2400,1
H3076,0
H3362,0
H4754,0
H4755,0
H4857,0
H4934,0
H5234,0
H5274,0
H5317,1
H5318,0
H5319,0
H5476,0
H5526,0
H5554,0
H5579,1
H576,1
H6087,0
H6334,1
H6678,0
H6343,0
H6344,0
H12769,1
H14060,0
H14061,0
H14062,0
H14063,0
H1412,0
H14435,0
H14872,0
H15382,0
H16228,1
H16229,1
H16802,0
H16803,0
H19023,0
H1945,0
H1952,0
H1956,0
H3616,0
H3638,1
H3639,1
H3654,0
H3655,1
H3680,0
H3692,0
H3693,0
H3759,1
H3939,0
H4102,0
H4146,0
H4203,0
H4320,1
H4382,0
H4383,0
H4425,0
H4636,0
H5048,0
H5049,0
H5209,0
H5219,0
H5419,0
H5420,0
H6368,0
H6401,0
H6402,0
H6403,0
H6505,0
H7049,0
H7321,1
H7322,1
H12848,0
H15464,0
H16748,1
H515,0
H18450,0
H18632,0
H18787,0
H18879,0
H18880,0
H18998,1
H19005,0
H14886,0
H19003,0
H18449,0
H18945,0
H14064,1
H14065,0
H18743,0
H18946,0
H5134,0
H16359,0
H16532,0
H18702,0
H2303,0
H2304,0
H2305,0
H368,0
H369,0
H14050,0
H14051,0
H2736,0
H15028,1
H15406,0
H13561,0
H17497,0
H17498,0
H17499,0
H18348,1
H18349,1
H18588,0
H18958,0
H2284,0
H2285,0
H2286,0
H7258,0
H14705,0
H14706,0
H19471,0
H15112,0
H15113,0
H6852,0
H5160,0
H14909,0
H6694,0
H13994,0
H14481,0
H14482,0
H14497,0
H14498,0
H14601,0
H15776,0
H15840,0
H15841,0
H19174,0
H19339,0
H19340,0
H13574,0
H13614,0
H13789,0
H14244,0
H14297,0
H14324,0
H14907,0
H15446,0
H15533,0
H15800,0
H16025,0
H16090,0
H16448,0
H16449,0
H16587,0
H16604,1
H16607,1
H16658,0
H16659,0
H17080,0
H17749,0
H17750,0
H17751,0
H17960,0
H17969,0
H18919,0
H19315,0
H19432,0
H3271,0
H3272,0
H4036,0
H489,0
H490,0
H6525,0
H6686,0
H6687,0
H7442,0
H7443,0
H16392,1
H16393,1
H16598,0
H15444,0
H15445,0
H12661,0
H16291,0
H16077,0
H16399,0
H16557,0
H16558,0
H16937,0
H16938,0
H16939,0
H17359,0
H17360,1
H17529,0
H17530,0
H5126,0
H17685,0
H4262,0
H19212,0
H13199,0
H16370,1
H5583,0
H7031,0
H5584,0
H16821,0
H13221,0
H14006,0
H14007,0
H14008,0
H15184,0
H3301,0
H3269,0
H14749,0
H16702,0
H2276,0
H6837,0
H14429,0
H2844,0
H5585,0
H7226,0
H14727,0
H6640,0
H6641,0
H1807,0
H2047,0
H2274,0
H2275,0
H2974,0
H7135,0
H7438,0
H7439,0
H1301,0
H13311,0
H14414,1
H14477,0
H14754,0
H15106,0
H15599,0
H15877,0
H15878,0
H17014,0
H17015,0
H17168,0
H17169,0
H17270,0
H17693,0
H17943,1
H18388,0
H186,0
H18624,0
H18657,0
H18673,0
H18675,0
H18762,0
H18810,0
H18825,1
H19371,0
H2070,0
H2071,0
H2389,0
H2765,0
H3056,0
H3057,0
H3346,0
H3347,0
H3358,0
H3359,0
H3360,0
H5575,0
H5576,0
H5577,0
H6007,0
H6535,0
H6818,0
H7334,0
H7335,0
H746,0
H15739,0
H5574,0
H3349,0
H3305,0
H3329,0
H3339,0
H3340,0
H19529,0
H6478,0
H16208,0
H3081,0
H3341,0
H14059,0
H1816,0
H18145,0
H18146,0
H2162,0
H4838,0
H4839,0
H1823,0
H2700,0
H2014,0
H2015,0
H3946,0
H3947,0
H17712,0
H7262,1
H16366,0
H7263,0
H13864,0
H16912,0
H17233,0
H18075,0
H18888,0
H18889,0
H2224,0
H2811,1
H3146,0
H3335,0
H4848,0
H4849,0
H5559,0
H6000,0
H6003,0
H6005,0
H6254,0
H6297,0
H7137,0
H7138,0
H7301,0
H17425,0
H7447,0
H15887,0
H16812,0
H2225,0
H2792,0
H2793,0
H2794,0
H3320,1
H6515,0
H6516,0
H15048,1
H17263,1
H17264,0
H2795,1
H2797,0
H2798,1
H2799,1
H2800,1
H2801,0
H2802,1
H2804,0
H2806,1
H2807,0
H2809,0
H3287,0
H3306,0
H3361,0
H5556,1
H5557,1
H5558,1
H1322,1
H15647,0
H16380,0
H3147,0
H7265,0
H16411,0
H3080,0
H18804,0
H17663,0
H5974,0
H16339,0
H5981,0
H5985,0
H5986,0
H17642,1
H17643,1
H3029,0
H6858,0
H12650,0
H1676,0
H18279,0
H18280,0
H18528,1
H18547,0
H1971,0
H1994,0
H1999,0
H2000,0
H28,0
H3845,1
H4103,0
H4104,0
H4207,0
H6216,0
H7364,0
H1693,0
H16099,0
H16101,0
H19850,0
H12738,0
H6382,0
H2160,0
H1350,0
H1351,0
H16426,1
H1694,0
H17167,1
H201,0
H16876,0
H12801,0
H12802,0
H5984,0
H16638,1
H18555,0
H18749,0
H18750,0
H18192,0
H18117,0
H1989,0
H2946,0
H32,1
H7136,0
H1700,0
H1701,0
H5400,0
H5568,0
H6111,0
H15201,1
H16109,0
H16160,0
H16515,1
H16516,0
H17319,0
H18294,0
H5428,0
H5994,0
H5995,0
H1686,0
H30,0
H18828,1
H18829,1
H3994,1
H13475,0
H18811,0
H4559,0
H33,0
H34,0
H35,0
H3503,1
H5987,1
H5305,1
H13916,0
H13917,0
H1697,0
H5122,0
H5976,0
H1689,0
H17815,1
H17816,1
H4351,0
H4352,0
H1681,0
H1682,0
H17351,0
H5990,0
H17660,0
H18359,0
H18526,0
H4956,0
H4957,0
H5085,0
H6871,1
H3869,0
H528,0
H4110,0
H5088,0
H5291,0
H5292,0
H5293,0
H6840,0
H6841,0
H12892,0
H13217,1
H14696,0
H387,0
H18598,0
H18019,0
H18020,0
H6698,0
H6699,1
H2154,0
H2363,0
H13417,0
H2915,0
H510,0
H15639,0
H15640,0
H17243,0
H19859,0
H5504,0
H6207,0
H6208,0
H17994,1
H3915,0
H6989,0
H17197,0
H6127,0
H16898,0
H6458,0
H13103,0
H13104,0
H13264,0
H13265,0
H19991,0
H2185,0
H2431,0
H4742,0
H4905,0
H5194,1
H5262,0
H5263,0
H6986,1
H349,0
H6410,1
H6588,0
H6589,0
H1605,0
H7206,0
H4015,0
H18151,0
H18152,0
H19379,0
H18783,0
H4824,0
H6037,0
H7445,0
H5435,0
H5436,0
H5535,1
H5536,0
H17445,0
H19704,0
H13800,0
H15474,0
H15475,0
H2186,0
H2313,0
H2454,0
H2455,0
H4563,0
H3621,1
H18164,0
H18165,0
H13039,0
H4369,0
H4370,0
H15818,0
H18081,0
H4100,0
H1576,0
H15129,0
H13410,0
H13411,0
H1517,0
H1933,0
H18692,0
H13015,1
H13016,1
H3974,1
H6230,0
H6231,0
H13170,0
H1577,0
H6244,0
H16935,0
H13093,0
H13309,0
H17704,0
H18314,0
H18315,0
H18571,0
H19202,0
H1996,0
H1997,0
H2248,0
H2998,0
H4139,1
H4145,0
H4159,0
H4160,0
H17759,1
H19903,0
H2009,0
H7305,0
H12631,0
H12664,0
H12969,0
H14639,1
H14640,1
H15235,0
H15811,0
H15941,0
H16178,1
H16242,0
H17132,0
H18333,0
H18365,0
H18366,0
H18387,0
H5081,0
H5729,0
H5765,0
H15351,0
H15352,0
H15534,0
H16172,1
H17031,0
H15518,0
H15519,0
H15520,0
H13882,0
H19897,0
H16688,0
H12701,0
H12702,0
H13191,0
H13192,0
H15102,0
H15103,0
H4926,0
H5350,0
H5380,0
H5381,0
H12931,0
H12914,0
H12915,0
H18534,0
H18747,0
H18748,0
H1877,0
H1898,0
H1899,0
H19048,0
H19252,1
H4151,0
H4152,0
H4306,0
H4384,1
H5104,0
H5563,0
H6302,0
H12800,0
H1533,0
H1534,0
H19026,0
H19898,0
H19908,0
H19919,0
H12966,0
H1935,0
H3781,0
H4142,0
H6728,0
H12864,0
H12865,0
H17311,0
H6189,0
H16916,1
H16917,1
H12994,1
H4037,0
H4803,0
H15349,0
H4407,0
H15981,0
H14549,0
H14575,0
H14790,0
H17589,0
H13034,0
H17897,0
H3403,0
H4302,0
H4303,0
H12828,0
H3143,0
H5243,0
H5244,0
H18013,1
H7035,0
H4134,0
H4135,0
H16775,0
H16776,0
H5388,0
H19182,0
H14445,0
H4680,1
H6267,0
H5417,0
H6304,0
H6530,0
H14465,0
H14466,0
H15026,0
H15027,0
H1571,0
H1631,0
H17594,0
H18308,0
H2552,0
H2553,0
H2905,0
H4253,0
H4255,0
H5749,0
H5796,0
H5797,0
H6377,0
H17294,0
H6565,0
H6566,0
H2006,0
H404,0
H405,0
H406,0
H4427,0
H2673,0
H7166,0
H14247,0
H18776,0
H360,0
H18487,0
H18488,0
H15683,0
H5141,1
H15071,0
H15293,1
H15294,1
H15295,1
H15296,1
H16343,0
H16720,0
H4673,0
H5472,0
H6081,1
H6083,1
H6688,0
H15064,0
H4137,0
H2550,0
H2551,0
H399,0
H400,0
H4141,0
H1869,0
H17803,0
H18248,0
H18805,0
H19247,0
H3770,0
H19913,0
H13741,0
H13742,0
H15970,0
H4252,1
H5764,0
H5882,0
H7098,0
H15099,0
H15100,0
H4609,0
H4610,0
H16456,0
H18734,1
H4136,0
H4143,0
H15245,0
H5497,0
H18587,0
H19899,0
H6884,0
H13663,0
H18316,0
H18317,0
H6285,0
H6286,0
H17796,0
H17797,0
H14644,1
H4263,0
H5218,0
H18059,1
H18060,1
H19869,0
H6708,0
H16409,1
H16410,1
H19213,0
H6459,0
H5063,0
H7118,1
H13560,1
H17831,0
H4224,0
H4731,0
H4856,0
H7336,0
H13515,0
H15946,0
H3434,0
H4241,1
H4918,0
H4961,1
H13650,0
H14156,0
H14157,0
H14764,0
H1704,0
H17732,1
H17733,1
H17915,1
H204,0
H3463,0
H4467,0
H4477,0
H4751,0
H4752,0
H5193,0
H5468,1
H5657,1
H5658,1
H5667,0
H601,0
H616,0
H7012,0
H7059,0
H7274,0
H12616,0
H14878,1
H15032,1
H16246,0
H3485,0
H4825,0
H5170,0
H5652,0
H6473,1
H699,0
H12947,0
H13645,1
H13844,0
H16146,1
H16147,1
H17798,0
H18491,0
H4940,0
H5272,0
H5670,0
H654,0
H7244,0
H12937,1
H13558,0
H15656,0
H17560,1
H18493,1
H18772,1
H18860,1
H3491,0
H610,0
H620,0
H13505,0
H14030,0
H14031,0
H14032,0
H14926,0
H15881,0
H16065,0
H1774,1
H18995,0
H4096,0
H4097,0
H4260,0
H4261,0
H4941,0
H4942,0
H5327,0
H5328,0
H5329,0
H626,0
H6785,1
H6792,0
H14312,1
H1717,0
H1718,0
H17935,0
H205,1
H206,1
H4653,0
H6015,0
H6797,0
H13029,0
H14602,0
H14603,0
H14645,0
H15907,0
H15908,0
H15992,1
H5682,0
H5711,0
H6816,0
H13926,0
H14792,0
H14793,0
H15262,1
H15263,1
H15264,1
H16763,1
H17070,0
H17228,0
H17340,0
H17341,0
H17598,0
H18076,0
H18189,1
H18524,0
H18695,0
H5741,0
H681,0
H6859,0
H7213,0
H12751,1
H14239,1
H15282,0
H15283,0
H15284,0
H16061,1
H17060,0
H17740,0
H1780,0
H18286,1
H19759,0
H5768,0
H6953,0
H7437,0
H13643,1
H13842,1
H14046,0
H14047,0
H14292,1
H14302,0
H14555,1
H14556,1
H14565,0
H14734,1
H15042,0
H15046,1
H15237,0
H15428,0
H15560,1
H15635,0
H16503,0
H16964,1
H1728,1
H1759,1
H1760,1
H17869,1
H1797,0
H1805,0
H18242,0
H18262,1
H18263,1
H18362,1
H18363,1
H18584,1
H19111,0
H3446,0
H4491,0
H4492,0
H4602,0
H4953,0
H5296,0
H5297,0
H5655,0
H5719,1
H6166,0
H6167,0
H617,0
H6660,0
H6988,0
H7096,1
H7097,1
H12766,0
H12905,0
H12906,0
H12907,0
H12908,0
H13644,0
H13949,1
H15771,0
H15773,0
H15774,0
H15896,0
H16007,0
H16017,1
H16018,0
H16036,0
H16174,1
H16586,1
H16770,1
H16822,0
H17090,0
H17284,0
H17429,1
H1775,0
H1776,0
H1777,0
H18318,0
H18319,0
H4223,1
H4487,0
H4566,0
H564,0
H5678,0
H5712,0
H609,1
H6175,0
H6176,0
H618,0
H619,0
H6266,0
H627,0
H6430,0
H12679,0
H12856,0
H13273,0
H13373,1
H13374,1
H13499,0
H13503,1
H13504,1
H13506,0
H13820,1
H13821,0
H14081,0
H14082,0
H14360,0
H14616,1
H15281,1
H15306,0
H15472,1
H15820,0
H15865,1
H16600,0
H16689,0
H16690,1
H17418,0
H17419,0
H17982,0
H17990,0
H18122,1
H18123,1
H18153,1
H18921,0
H19020,1
H19021,1
H19192,1
H19627,1
H19628,1
H19958,0
H212,1
H4571,1
H4798,1
H5139,0
H5140,1
H5485,0
H5668,0
H5669,0
H6384,0
H6444,1
H6445,1
H7019,0
H7189,0
H7193,0
H7425,0
H12815,0
H13137,0
H13209,0
H13210,0
H13435,0
H13436,0
H13501,0
H13518,1
H13519,1
H14088,0
H14326,0
H14483,0
H15901,0
H16193,0
H16601,0
H16602,0
H16603,0
H16779,0
H16780,0
H16965,1
H16966,1
H16981,1
H17338,0
H17602,1
H17753,1
H17918,0
H18002,0
H18052,0
H18058,0
H18171,1
H18329,1
H18330,0
H18446,1
H18907,0
H18934,0
H4949,1
H5014,0
H6021,0
H6022,0
H677,0
H678,0
H6896,0
H714,0
H7202,0
H7471,0
H12633,0
H12635,0
H13078,0
H13079,0
H13983,1
H13984,0
H14103,0
H14104,0
H15011,0
H15389,1
H15942,0
H16112,0
H16559,0
H16560,0
H16975,0
H17069,0
H1708,0
H17343,0
H17641,1
H18185,0
H18967,0
H18968,0
H18969,0
H19006,1
H19725,0
H362,0
H4053,0
H4055,0
H4113,1
H4114,1
H4115,1
H4258,1
H4259,1
H4821,1
H4822,0
H5047,0
H6295,0
H680,0
H7191,1
H7192,1
H7416,0
H13138,1
H13703,0
H14495,0
H14903,0
H14904,0
H15082,0
H15083,1
H16206,0
H16972,0
H18312,0
H18820,1
H18821,0
H19110,1
H3477,0
H4106,1
H6040,0
H6375,0
H674,0
H676,0
H13302,0
H13303,0
H13305,0
H13538,0
H14346,0
H15441,1
H16106,0
H16107,0
H16132,1
H17409,0
H17410,0
H17411,0
H1802,1
H338,0
H3420,0
H3849,0
H5461,0
H5697,0
H5781,0
H5937,0
H7120,1
H7121,1
H7450,0
H14657,0
H19798,0
H2612,0
H2710,0
H2711,0
H5792,0
H5747,0
H2843,0
H14960,0
H17260,0
H17286,1
H17287,1
H13611,0
H13612,0
H13760,1
H14675,0
H14676,0
H14948,0
H15096,0
H15097,0
H15392,0
H16704,0
H16798,0
H16800,0
H17025,1
H12963,0
H13902,0
H13903,0
H14009,1
H14010,1
H14011,1
H14017,0
H14342,0
H14936,0
H1651,0
H18159,0
H18160,0
H18517,1
H2028,0
H2029,0
H2181,0
H3227,0
H4090,0
H4354,0
H538,0
H539,0
H540,0
H672,0
H6245,0
H13977,0
H13978,0
H16782,1
H18592,0
H18593,0
H19905,0
H4330,0
H4945,1
H5320,0
H5448,0
H7394,0
H3027,0
H5915,0
H14747,0
H16170,0
H15384,1
H15385,1
H14950,1
H17924,0
H17925,0
H14225,1
H14258,0
H18646,1
H17003,1
H17478,0
H17480,0
H2753,0
H18136,0
H5231,0
H4556,0
H4557,0
H4558,0
H13516,0
H15345,0
H301,0
H19441,0
H238,0
H239,0
H240,0
H250,0
H305,0
H17535,0
H18794,1
H13769,0
H16814,1
H18989,0
H18990,0
H12968,0
H14043,0
H16415,0
H2772,0
H5742,0
H17467,0
H16105,0
H5450,0
H13511,0
H14200,0
H15606,0
H15681,0
H18667,0
H18668,0
H4562,0
H4314,0
H13799,0
H14066,0
H16645,0
H15732,0
H13235,1
H13866,0
H14431,0
H17019,1
H17021,1
H19272,0
H281,1
H2876,0
H302,0
H5499,0
H5500,0
H16996,0
H14432,0
H15794,0
H19276,0
H19278,0
H17851,1
H17307,0
H2877,0
H4350,0
H14861,1
H17157,0
H17158,0
H17765,1
H14789,0
H17595,0
H17596,0
H17597,0
H17920,0
H18003,1
H18005,0
H18904,0
H7039,0
H7040,0
H19689,0
H13164,0
H232,0
H6094,0
H12990,0
H12991,0
H16730,1
H18207,0
H4453,0
H17455,0
H16712,0
H16713,0
H16714,0
H14340,0
H16078,0
H17190,1
H16613,1
H14363,0
H17328,0
H17329,0
H19240,0
H6613,0
H16805,0
H2618,1
H3630,0
H6772,0
H16868,0
H15602,0
H16834,0
H16943,0
H16844,0
H15760,0
H15761,0
H16287,0
H16288,0
H19418,0
H2331,0
H1778,0
H16853,1
H16871,0
H16781,0
H17111,0
H19995,0
H17188,0
H14338,0
H17624,0
H15624,0
H16355,0
H17667,0
H15847,0
H17694,0
H16701,0
H17917,1
H18813,0
H18814,1
H15678,1
H15679,1
H17603,1
H7253,1
H7384,1
H16859,0
H16860,0
H16861,0
H16862,0
H16873,0
H17431,1
H17625,0
H17626,0
H17919,1
H6409,0
H14405,0
H1714,0
H1715,0
H1724,1
H1725,1
H16810,0
H16825,0
H16830,0
H16831,0
H17496,1
H18397,1
H18398,1
H17552,0
H16583,1
H14984,0
H16129,1
H16959,1
H16829,1
H16832,0
H16858,0
H17166,0
H17627,1
H16841,0
H16842,0
H18951,0
H14450,1
H16843,1
H17056,0
H17057,0
H729,1
H16578,1
H16826,0
H16827,0
H16828,0
H17244,0
H17829,0
H16840,0
H1739,0
H7343,0
H18700,0
H13513,0
H13674,1
H15277,0
H15278,0
H13096,0
H13097,0
H13098,0
H13111,0
H14262,0
H15476,0
H16823,0
H16824,0
H16850,0
H16851,0
H19400,0
H19914,0
H3928,0
H16385,0
H19308,0
H7236,0
H16869,1
H17112,0
H16668,0
H16669,0
H14527,0
H14528,0
H16344,1
H16345,0
H17983,0
H18577,0
H18578,0
H6482,0
H6483,1
H6596,0
H6598,0
H14742,0
H16342,0
H5191,0
H16652,0
H4972,0
H5372,0
H6177,0
H6552,0
H16945,0
H15571,0
H12748,0
H19900,0
H7444,0
H2728,0
H12622,0
H15549,0
H2250,0
H2512,0
H348,0
H14097,0
H19762,0
H13889,0
H14334,0
H15266,0
H15270,0
H15271,0
H15685,0
H16024,0
H16045,0
H16201,0
H16271,1
H16297,1
H17067,0
H17306,1
H17413,0
H17414,0
H17423,0
H17669,1
H17670,1
H1911,0
H1912,0
H19313,0
H19678,0
H19749,0
H4493,0
H4494,0
H4889,0
H19254,0
H13092,0
H18918,0
H14838,0
H16623,0
H17436,0
H2893,0
H4336,0
H13948,0
H15378,0
H15379,0
H17125,0
H17126,0
H17127,0
H17298,0
H17350,0
H18225,0
H5478,1
H6043,0
H4343,0
H17266,0
H17267,0
H17268,0
H17652,0
H17653,0
H5421,0
H5422,0
H6359,0
H12758,0
H12759,0
H18237,0
H7027,0
H7028,0
H16066,0
H16899,1
H18564,0
H3511,1
H3512,0
H3513,0
H4581,0
H5634,1
H6711,0
H7052,0
H12755,0
H15066,0
H17783,0
H17848,0
H18455,1
H18758,0
H18759,0
H19624,0
H19765,0
H6995,0
H14509,0
H14510,0
H19385,0
H19724,0
H4790,0
H4791,0
H6317,0
H7041,0
H7436,0
H18270,0
H18271,0
H18272,0
H18460,0
H3653,0
H6113,0
H12658,0
H12659,0
H13080,0
H13081,0
H13871,1
H13872,1
H13873,1
H16866,0
H18480,1
H18481,0
H2191,0
H2192,0
H2678,0
H2815,0
H2895,1
H4365,0
H5739,0
H5775,0
H5776,0
H62,0
H64,0
H6424,0
H6425,0
H13325,0
H15928,0
H6612,1
H16009,0
H18439,0
H19888,0
H15088,0
H13275,0
H17001,0
H18938,0
H6828,0
H18712,0
H13971,1
H13972,1
H13973,0
H15079,0
H15823,0
H4718,0
H7381,0
H147,0
H13465,0
H14185,0
H14266,0
H16333,0
H17185,0
H5527,0
H13296,0
H14532,0
H14708,0
H16946,0
H17349,0
H17808,0
H17809,0
H17849,0
H17998,0
H17999,0
H18313,0
H19764,0
H5519,1
H6109,0
H6110,0
H7422,1
H12965,0
H13256,0
H13257,0
H13341,1
H13443,0
H14844,0
H15036,0
H15806,0
H16179,0
H1619,0
H16809,1
H17206,0
H2150,0
H3502,0
H18149,0
H18150,0
H19211,0
H19769,0
H2365,0
H2366,0
H2380,0
H2664,0
H2919,1
H2920,1
H3089,0
H3246,0
H3385,0
H3811,0
H4982,0
H5146,0
H5147,0
H6927,0
H13432,0
H13478,0
H13479,0
H13679,0
H13680,0
H13974,0
H15260,1
H16734,0
H171,0
H17814,0
H18277,0
H18364,0
H1526,0
H1527,0
H1528,0
H15909,0
H15910,0
H16482,0
H16622,1
H1668,1
H1674,0
H1675,0
H17058,0
H17059,0
H17193,0
H18106,0
H18107,0
H18332,0
H19176,1
H4906,0
H7255,0
H13271,0
H14092,0
H14791,1
H15507,0
H15636,0
H15637,0
H15638,0
H16483,0
H16484,0
H6069,0
H6513,0
H12621,0
H12868,0
H13047,0
H13676,0
H1461,1
H14725,0
H15375,0
H15795,0
H15796,0
H1606,0
H16071,0
H16336,0
H16432,0
H16479,0
H1660,0
H16708,0
H17599,1
H17600,0
H17894,0
H17979,1
H181,0
H18175,0
H18239,0
H18435,0
H18436,0
H189,0
H19059,1
H19060,1
H19120,0
H19402,0
H19403,0
H19437,1
H2595,0
H2945,1
H3284,0
H3285,0
H3286,0
H3493,0
H3494,0
H3515,0
H3519,1
H3520,0
H3745,0
H3812,0
H3816,0
H4264,1
H5248,0
H5250,0
H5332,0
H5333,0
H5334,0
H5460,0
H5466,0
H5467,0
H5508,0
H6155,1
H6206,0
H6471,0
H6647,1
H6727,0
H6763,0
H6765,0
H6971,0
H7036,0
H7038,0
H7069,0
H7105,0
H7257,0
H7281,0
H7358,0
H7359,0
H13177,0
H16028,0
H17715,0
H16080,0
H7215,0
H5275,0
H6246,1
H3330,0
H6943,1
H12694,0
H12696,0
H12710,0
H12711,0
H12712,0
H12765,1
H13633,0
H14427,0
H16951,0
H18620,0
H18817,0
H18818,0
H18819,0
H18833,0
H2004,0
H3783,0
H4373,0
H5100,0
H5101,0
H5171,1
H5202,0
H5923,0
H5943,0
H6764,1
H18635,0
H18636,0
H317,1
H14147,0
H15695,0
H16305,0
H15412,0
H15824,0
H16438,0
H2913,0
H2914,0
H4282,0
H12901,0
H12902,0
H14678,0
H19574,0
H2354,0
H4786,0
H5089,0
H5928,0
H5929,0
H13119,0
H15057,0
H15429,0
H15430,0
H15431,0
H15432,0
H3270,0
H4622,0
H4623,0
H7264,0
H18386,0
H15176,0
H13169,0
H13896,0
H15062,0
H15433,0
H15491,0
H15702,0
H15777,0
H16113,0
H16289,1
H17768,0
H17833,0
H17834,0
H17954,1
H18354,0
H18433,0
H19909,1
H3229,0
H3230,0
H3257,1
H3665,0
H4362,0
H439,0
H441,1
H4415,0
H442,0
H443,0
H444,0
H446,0
H447,0
H449,0
H451,0
H4676,0
H5162,0
H5163,1
H6635,1
H6636,0
H6668,0
H6669,0
H13582,0
H14183,0
H14184,0
H14233,0
H16263,0
H16351,0
H16666,1
H17128,0
H17555,0
H17556,0
H2290,0
H3875,0
H4436,0
H4482,0
H4483,0
H461,0
H462,0
H465,0
H5865,0
H5949,0
H5950,0
H6486,0
H6489,0
H6522,0
H6623,0
H6762,0
H2166,0
H15111,0
H15477,0
H1808,1
H5228,0
H6933,0
H6934,0
H4495,0
H4496,0
H14945,0
H2346,0
H3944,0
H3945,0
H1296,0
H1812,0
H1819,0
H5524,0
H5525,0
H6008,0
H6013,0
H7407,0
H4773,0
H1280,0
H1281,0
H1285,1
H1287,0
H1288,0
H1289,0
H1290,0
H696,0
H7365,0
H7366,0
H1830,0
H4061,0
H4440,0
H13962,0
H2007,0
H2971,0
H1278,0
H6926,0
H5346,0
H15821,0
H13051,0
H17805,0
H15044,0
H15045,0
H1321,0
H13879,0
H14933,0
H14934,0
H14975,0
H19101,0
H19102,0
H3923,0
H5148,0
H5382,0
H5384,0
H6009,0
H6709,0
H4079,0
H3731,0
H3732,0
H19901,0
H18645,0
H4805,0
H17280,0
H1811,0
H6895,0
H2610,0
H2611,0
H2701,0
H16887,0
H4526,0
H17475,1
H14694,0
H1292,0
H6512,0
H16430,0
H13662,0
H15615,0
H15754,0
H17312,0
H17313,0
H12998,0
H12999,0
H13002,0
H13003,0
H14014,0
H14586,0
H14587,0
H14661,0
H15721,0
H15722,0
H16144,0
H17178,0
H18612,1
H18613,1
H18614,0
H3274,0
H3711,0
H3791,0
H3871,0
H3873,0
H3887,1
H3906,1
H3907,1
H3921,0
H3922,0
H3967,0
H3971,0
H4026,0
H4067,0
H4126,0
H4127,0
H4155,0
H4156,0
H4157,0
H4279,0
H4292,0
H4312,0
H4331,0
H4499,0
H4500,0
H4725,0
H4867,0
H4973,1
H5205,1
H5397,0
H5542,0
H6217,0
H6218,0
H19849,0
H16986,0
H16987,0
H7412,0
H18580,0
H2139,0
H2396,0
H5632,0
H615,0
H4705,0
H4711,1
H17394,0
H17395,0
H12723,0
H18007,0
H608,0
H13960,0
H14512,0
H14513,0
H4456,0
H602,0
H15536,0
H13249,0
H17902,1
H18082,0
H14370,0
H14766,0
H17278,0
H15145,0
H16356,0
H16357,0
H18078,0
H18357,0
H19219,0
H15631,0
H15632,0
H6960,0
H4593,0
H5236,0
H5237,0
H5238,0
H15763,0
H160,0
H15192,0
H15581,0
H19645,0
H6187,0
H15827,0
H2812,1
H17348,0
H17113,0
H17434,0
H13777,1
H15038,0
H16691,0
H17608,1
H600,1
H13038,0
H13151,1
H13152,1
H13428,0
H13437,1
H13439,1
H13809,0
H14038,0
H14514,0
H14622,0
H15187,0
H16148,0
H16298,0
H16299,0
H17204,1
H17205,1
H17390,0
H18650,0
H19035,1
H19608,0
H3564,0
H3586,1
H3847,1
H3848,1
H3958,1
H3959,1
H4179,0
H4182,0
H4183,0
H4184,0
H4186,0
H4189,0
H4190,0
H4191,0
H4193,0
H4194,0
H4195,1
H4433,0
H4591,0
H4595,0
H4596,0
H5355,0
H5356,1
H5424,0
H5425,0
H5760,0
H5782,0
H5964,1
H5965,1
H6067,0
H611,1
H6162,0
H6311,1
H6349,0
H6350,0
H6621,0
H6622,0
H6813,1
H6875,0
H6891,0
H7414,0
H15191,0
H12740,0
H15955,0
H17075,0
H17271,0
H3932,0
H4181,0
H7225,0
H7308,0
H12808,0
H13022,0
H1323,0
H14449,0
H14650,0
H14972,0
H14986,0
H15085,0
H15836,0
H15838,0
H16121,0
H16122,0
H16212,0
H16588,0
H17654,0
H17710,0
H17905,1
H18042,1
H18140,0
H18141,0
H18180,0
H18257,1
H18258,0
H18529,1
H18530,1
H18611,1
H18623,0
H18784,0
H18871,0
H18872,1
H18873,0
H357,0
H6059,0
H6318,0
H6665,0
H6887,0
H6973,0
H15012,0
H15157,0
H15158,0
H16755,1
H17997,0
H4163,1
H6791,0
H18901,0
H14159,0
H14251,0
H15870,0
H12771,0
H6472,0
H7224,0
H14357,0
H16677,1
H18463,0
H2716,0
H6213,0
H7013,0
H13018,0
H13438,0
H16619,0
H17987,0
H17988,0
H17989,0
H7389,0
H13462,0
H13920,0
H14594,0
H14595,0
H14596,0
H15229,0
H15662,0
H15743,0
H15744,0
H15745,0
H15746,0
H15747,0
H17449,1
H17577,1
H17622,0
H17804,0
H18445,0
H364,0
H4187,0
H5068,0
H5069,0
H557,0
H6238,0
H6239,0
H6339,0
H6913,0
H6914,0
H12938,1
H13389,0
H13719,0
H14085,0
H14309,0
H14543,0
H14544,0
H14545,0
H14546,0
H14597,0
H14925,1
H15399,1
H16269,1
H16467,0
H16615,0
H17043,0
H1803,0
H1804,0
H18479,1
H18947,0
H4041,0
H16675,0
H16676,0
H16879,1
H16880,1
H4518,1
H7131,0
H15741,0
H13114,0
H13461,0
H13512,0
H13823,0
H14142,0
H14940,0
H15540,1
H15748,0
H16469,0
H16470,0
H16518,0
H16538,0
H18233,0
H18499,0
H18500,0
H18666,1
H18801,1
H18806,0
H4728,0
H4729,0
H4730,0
H6609,0
H12623,0
H15756,0
H15757,0
H12678,0
H13578,0
H13758,0
H13759,0
H14353,0
H14354,0
H15040,0
H15361,0
H15363,0
H16621,0
H5972,0
H13969,1
H13993,0
H15819,1
H17665,1
H1771,0
H1772,0
H18043,1
H19008,1
H4958,0
H5087,0
H5660,0
H6117,1
H6733,0
H7210,0
H7468,0
H13770,0
H13771,0
H14270,0
H17202,0
H17203,0
H17614,1
H18126,0
H18194,0
H4215,0
H4216,0
H6372,0
H651,1
H6643,0
H13082,0
H14931,0
H15613,0
H16524,0
H16525,0
H18104,0
H4818,1
H4819,1
H12731,0
H12733,0
H14365,0
H14366,0
H14614,0
H14726,0
H16070,0
H16867,0
H18132,0
H19018,1
H5626,0
H663,0
H13493,0
H13681,1
H13953,0
H13995,1
H13996,1
H14428,0
H15094,0
H16040,0
H16956,0
H16957,0
H17085,0
H17472,1
H17473,1
H17807,1
H18243,0
H18306,0
H18507,1
H3574,1
H4451,0
H5515,0
H15694,0
H16723,1
H15212,1
H15213,1
H15522,0
H15603,0
H15604,0
H15605,0
H17239,1
H17240,1
H1748,0
H17544,0
H18251,0
H7016,0
H7127,0
H13822,1
H16196,0
H6542,0
H18882,0
H18917,0
H19029,1
H209,0
H210,0
H17474,0
H15526,0
H18125,0
H18293,1
H18595,0
H18738,0
H19027,1
H19028,1
H363,0
H14117,0
H14118,0
H14119,0
H16128,0
H17632,0
H2717,0
H7396,0
H4551,0
H4552,0
H4553,0
H6947,0
H7144,0
H7145,0
H14693,0
H1734,0
H15673,0
H15674,0
H605,0
H6670,0
H6671,0
H19433,0
H13607,0
H14927,0
H12720,0
H14359,0
H1763,0
H1756,0
H4879,0
H14087,0
H15336,0
H5666,0
H16453,1
H16454,1
H5714,0
H5715,0
H13327,0
H15903,0
H16247,0
H16248,0
H16249,0
H17543,1
H18464,0
H19366,1
H4716,0
H5445,0
H12675,1
H19007,0
H4176,1
H16052,0
H7068,0
H18451,0
H12681,0
H13005,0
H13616,0
H15623,0
H15692,0
H16195,0
H5367,0
H5368,0
H5659,0
H7176,0
H15319,1
H18134,0
H12654,0
H12656,0
H14202,0
H14203,0
H15713,0
H16693,1
H16694,0
H16764,0
H17291,1
H17578,0
H18008,0
H19681,0
H3444,0
H4242,0
H4829,0
H5051,0
H7228,0
H14883,0
H14884,0
H14108,0
H14243,0
H15842,0
H6586,1
H6996,0
H6997,0
H16941,0
H5259,0
H13394,0
H13395,0
H17661,1
H17762,0
H17838,0
H17907,0
H17908,0
H17910,0
H17911,0
H18770,1
H18803,0
H18970,0
H3396,0
H3785,0
H3786,0
H12721,0
H211,0
H15734,1
H18568,0
H18569,0
H18570,0
H3395,0
H5686,1
H12745,0
H16721,0
H18394,1
H3644,0
H3645,0
H13188,0
H13189,0
H13190,0
H14109,0
H14110,0
H14111,0
H14748,0
H17842,0
H4722,0
H12722,0
H16159,0
H16481,0
H2785,0
H6335,1
H6790,0
H5447,0
H6390,1
H13575,1
H16855,0
H7234,0
H15726,0
H15727,0
H12971,1
H14859,0
H17246,0
H1735,0
H17674,1
H17675,1
H18045,0
H18046,0
H3918,0
H3920,0
H3950,0
H4737,1
H562,0
H563,0
H14212,0
H14213,0
H16512,0
H16513,0
H5702,0
H14983,0
H15135,0
H18426,0
H18428,1
H14759,0
H14992,0
H17353,0
H17354,0
H6734,0
H18411,1
H18412,1
H5224,0
H5340,0
H5341,0
H6532,0
H13875,0
H6303,0
H17871,0
H17882,1
H14850,0
H14990,0
H17248,0
H3577,0
H15376,0
H16030,0
H16540,0
H3986,0
H15989,0
H6562,0
H16042,1
H16572,0
H16573,0
H599,0
H709,0
H710,0
H711,0
H16761,0
H15422,0
H15423,0
H6787,0
H6788,0
H6789,0
H16752,0
H5177,1
H1737,0
H17572,0
H18385,0
H3995,1
H3997,0
H3999,0
H4001,0
H4002,0
H4003,0
H4377,0
H5696,0
H6153,0
H6241,0
H16142,0
H16143,0
H16550,0
H7268,0
H7269,0
H18232,0
H14757,0
H16994,1
H4573,0
H5917,0
H13393,0
H13484,1
H15784,0
H17664,0
H17862,0
H17863,0
H18898,0
H19002,1
H5077,0
H6432,0
H13774,0
H14300,0
H14871,0
H16722,0
H16766,1
H17587,1
H17588,1
H18763,0
H18912,0
H2516,0
H6974,0
H6975,0
H16892,0
H17154,0
H17155,0
H13482,0
H13485,0
H13708,1
H13709,1
H13710,1
H13905,1
H13906,1
H13907,1
H15250,0
H16672,0
H16695,1
H16696,1
H16795,0
H16796,0
H16797,0
H16997,1
H1710,0
H17198,0
H17893,1
H18355,1
H18356,1
H18874,1
H6033,0
H13622,0
H13623,0
H14227,0
H14355,0
H14356,0
H14569,0
H14570,0
H14619,1
H14620,0
H14689,1
H14860,0
H14862,0
H14994,0
H14995,0
H14997,0
H15161,1
H15230,0
H15231,0
H15232,0
H15233,0
H15315,0
H15316,0
H15317,0
H15356,0
H15357,0
H16021,0
H16023,0
H16136,0
H16137,0
H16681,0
H17221,0
H17571,1
H17701,0
H17906,1
H18432,0
H18458,1
H19045,1
H19046,1
H2613,0
H3779,0
H5276,0
H6803,0
H13381,0
H13945,0
H13956,0
H15562,0
H17734,0
H6629,0
H13483,1
H14774,0
H14775,0
H14776,0
H15555,1
H15968,0
H15969,0
H16744,0
H16806,0
H1308,0
H16374,1
H18554,0
H6557,0
H6558,0
H6703,0
H14217,0
H15370,0
H17537,0
H18891,1
H18892,1
H3407,0
H3486,0
H3633,0
H3634,0
H4218,0
H4339,0
H4340,0
H4341,0
H4520,0
H5265,0
H5513,0
H5514,0
H5648,0
H13130,0
H13131,0
H17079,0
H17139,0
H7086,1
H7087,1
H13184,0
H14467,1
H14468,1
H15287,0
H16556,0
H17083,0
H17084,0
H17938,1
H18540,0
H4030,1
H18615,0
H3979,0
H12747,0
H14237,1
H14238,1
H18116,0
H18905,1
H18906,0
H15380,0
H15381,0
H16368,0
H4219,1
H15964,0
H16682,0
H17143,1
H17192,0
H17470,0
H18797,0
H18798,1
H4389,0
H4390,0
H13507,0
H16185,0
H16485,0
H19351,0
H4204,0
H4600,0
H15222,0
H12887,0
H15897,0
H18305,1
H16581,0
H17606,0
H17607,0
H13624,1
H15768,0
H4355,1
H7378,0
H7379,0
H19616,0
H15655,0
H17148,0
H19151,1
H19191,0
H19354,1
H3456,0
H306,0
H307,0
H15945,0
H6547,0
H17914,1
H4175,0
H4601,0
H4708,0
H16184,0
H6705,0
H7240,0
H5945,0
H6261,0
H6262,0
H14205,1
H16108,0
H17524,0
H18018,0
H18396,0
H19009,0
H19010,0
H15920,0
H19015,0
H4165,0
H12973,0
H12974,0
H12992,0
H13149,0
H13387,0
H13765,0
H13766,0
H13830,0
H14941,0
H14942,0
H14999,0
H15268,0
H15322,0
H15323,0
H15600,0
H15731,0
H15736,0
H15813,0
H15949,1
H15972,0
H15973,0
H16204,1
H16211,0
H16383,1
H17016,1
H17093,0
H17094,0
H18174,1
H18341,0
H18834,0
H18866,0
H18867,0
H18885,1
H18896,1
H18897,1
H18956,0
H19094,0
H19095,0
H19100,0
H19341,0
H19787,1
H19805,0
H14699,0
H19204,1
H19311,0
H14517,1
H17374,0
H17774,0
H18574,0
H18576,0
H13528,0
H15596,0
H17975,0
H18281,1
H18282,0
H18283,0
H18284,0
H19207,0
H19208,0
H16413,0
H16414,0
H16739,0
H16740,0
H19773,0
H13396,0
H13397,0
H14758,0
H13900,1
H12916,1
H13460,0
H13529,1
H13531,0
H14310,1
H14454,0
H1452,0
H14867,0
H14870,0
H14963,0
H15067,0
H15078,1
H15115,0
H15202,0
H15209,0
H15365,0
H15366,0
H15420,0
H15459,0
H15488,0
H15568,0
H15580,0
H15769,0
H15775,1
H15812,0
H15828,0
H15844,0
H15846,0
H15853,0
H15876,1
H15933,0
H15994,0
H16186,0
H16250,0
H16273,0
H16365,0
H16444,0
H16496,0
H16605,1
H16606,1
H16661,0
H16662,0
H16670,0
H16757,1
H16833,0
H16848,0
H16849,0
H16904,0
H16984,0
H17053,1
H17151,0
H17230,0
H17231,0
H17241,0
H17249,0
H17257,1
H17402,0
H17448,0
H17459,0
H17510,0
H17621,0
H17650,1
H17698,0
H17763,0
H17846,0
H17892,0
H18228,0
H18290,0
H18374,0
H18376,0
H18378,0
H18382,0
H18557,0
H18558,0
H18778,0
H18878,0
H18974,0
H19055,0
H19156,0
H19265,1
H19266,0
H19286,0
H19312,0
H19598,0
H2005,0
H2143,0
H2240,0
H2241,0
H3008,0
H3238,0
H3598,0
H4372,0
H4637,0
H48,0
H5016,0
H5078,0
H5142,0
H5290,0
H5926,0
H6204,0
H6537,0
H7470,0
